Date,Stock,Stock_change,Price,Price_change
1/5/1990,1004329,,23.27,
1/12/1990,1013190,0.003814892,22.57,-0.013264824
1/19/1990,1019846,0.002843702,22.73,0.003067877
1/26/1990,1032697,0.005438319,22.11,-0.012010693
2/2/1990,1050719,0.00751367,22.73,0.012010693
2/9/1990,1053257,0.001047769,22.21,-0.010050877
2/16/1990,1052636,-0.000256135,22.25,0.000781457
2/23/1990,1032660,-0.008320864,21.78,-0.00927214
3/2/1990,1037097,0.001862023,21.49,-0.00582146
3/9/1990,1033756,-0.001401335,21,-0.010017121
3/16/1990,1025649,-0.003419282,20.19,-0.017082976
3/23/1990,1028171,0.001066589,19.85,-0.007375808
3/30/1990,1026232,-0.000819798,20.27,0.009093238
4/6/1990,1026553,0.000135824,19.83,-0.009531034
4/13/1990,1027447,0.000378052,17.99,-0.042291551
4/20/1990,1022754,-0.001988242,17.65,-0.008286454
4/27/1990,1034678,0.005034028,18.75,0.026256562
5/4/1990,1035614,0.000392698,18.4,-0.008183449
5/11/1990,1033465,-0.00090214,18.7,0.007023784
5/18/1990,1047606,0.005902204,19.19,0.011233368
5/25/1990,1058657,0.004557296,17.94,-0.029252536
6/1/1990,1073856,0.006190775,17.74,-0.004868823
6/8/1990,1076090,0.000902548,16.84,-0.022611528
6/15/1990,1079877,0.001525696,17.13,0.007415276
6/22/1990,1078157,-0.000692284,16.26,-0.022636822
6/29/1990,1079161,0.000404235,17.08,0.021367325
7/6/1990,1084142,0.001999928,16.62,-0.011856847
7/13/1990,1093138,0.003588822,17.56,0.023893492
7/20/1990,1095244,0.000835891,18.89,0.031707446
7/27/1990,1103760,0.003363769,20.36,0.032545816
8/3/1990,1099217,-0.001791215,22.01,0.033842269
8/10/1990,1086473,-0.005064498,26.84,0.086162469
8/17/1990,1090799,0.001725793,27.22,0.006105609
8/24/1990,1093287,0.000989453,30.21,0.045262604
8/31/1990,1093853,0.000224778,26.96,-0.049430837
9/7/1990,1103207,0.003698047,30.09,0.0477023
9/14/1990,1106268,0.001203341,31.17,0.015314615
9/21/1990,1107920,0.000648052,34.07,0.038635331
9/28/1990,1098462,-0.003723365,38.7,0.055338831
10/5/1990,1093180,-0.00209336,36.66,-0.023518504
10/12/1990,1084519,-0.003454513,39.63,0.033831612
10/19/1990,1076105,-0.003382516,36.83,-0.031822353
10/26/1990,1079612,0.001413054,31.22,-0.07176882
11/2/1990,1080252,0.000257376,34.72,0.046146818
11/9/1990,1077463,-0.001122714,33.86,-0.010892763
11/16/1990,1064285,-0.005344424,31.41,-0.032619017
11/23/1990,1064458,7.0589E-05,30.49,-0.012910512
11/30/1990,1064982,0.000213737,32.17,0.023293637
12/7/1990,1053049,-0.004893687,28.02,-0.05998293
12/14/1990,1051147,-0.000785125,26.33,-0.027017272
12/21/1990,1039671,-0.004767525,26.83,0.008169814
12/28/1990,1028176,-0.004828468,27.27,0.007064465
1/4/1991,1014451,-0.005836388,26.33,-0.015234279
1/11/1991,1006734,-0.003316338,27.42,0.017616591
1/18/1991,997267,-0.004103288,26.71,-0.011393562
1/25/1991,995322,-0.000847845,22.12,-0.081888765
2/1/1991,992089,-0.001412969,21.33,-0.015794267
2/8/1991,991365,-0.000317052,21.29,-0.000815194
2/15/1991,996098,0.002068486,22.23,0.018763801
2/22/1991,997069,0.000423146,19.24,-0.062734395
3/1/1991,987670,-0.004113351,18.74,-0.011435481
3/8/1991,982108,-0.002452614,19.83,0.024553128
3/15/1991,979144,-0.001312682,19.88,0.001093666
3/22/1991,974757,-0.001950204,20.27,0.008437369
3/29/1991,967127,-0.003412855,19.61,-0.014376155
4/5/1991,962808,-0.001943818,19.68,0.0015475
4/12/1991,967443,0.002085696,20.8,0.024038241
4/19/1991,969526,0.000934074,21.49,0.014173081
4/26/1991,980979,0.00510025,21.17,-0.006515557
5/3/1991,983180,0.000973325,21.2,0.000615003
5/10/1991,991698,0.003746402,21.66,0.009322591
5/17/1991,1000578,0.003871512,20.93,-0.014889224
5/24/1991,1011949,0.004907676,21.16,0.004746435
5/31/1991,1030237,0.007778518,21.22,0.001229716
6/7/1991,1035306,0.002131588,20.65,-0.011825324
6/14/1991,1043130,0.003269705,19.85,-0.017159545
6/21/1991,1043797,0.000277609,20.09,0.005219426
6/28/1991,1042635,-0.000483745,20.23,0.003015946
7/5/1991,1041915,-0.000300009,20.79,0.011858607
7/12/1991,1048036,0.00254391,21.39,0.012356295
7/19/1991,1050214,0.000901602,21.87,0.009637998
7/26/1991,1052759,0.001051159,21.5,-0.007410323
8/2/1991,1055981,0.001327141,21.41,-0.001821793
8/9/1991,1056717,0.00030259,21.48,0.00141761
8/16/1991,1056705,-4.93184E-06,21.46,-0.000404559
8/23/1991,1069745,0.005326503,21.96,0.010002618
8/30/1991,1076411,0.002697862,21.98,0.000395352
9/6/1991,1073242,-0.001280467,21.83,-0.002973952
9/13/1991,1072777,-0.000188206,21.52,-0.006211469
9/20/1991,1079280,0.002624675,21.8,0.005614227
9/27/1991,1079958,0.000272737,22.2,0.007896481
10/4/1991,1077191,-0.00111415,22.41,0.004088882
10/11/1991,1077918,0.000293008,23.04,0.012040618
10/18/1991,1066457,-0.004642375,23.81,0.014276921
10/25/1991,1065198,-0.000513007,23.48,-0.006061303
11/1/1991,1057216,-0.003266615,23.32,-0.002969546
11/8/1991,1052724,-0.001849203,23.44,0.002229061
11/15/1991,1055156,0.001002149,22.55,-0.016811061
11/22/1991,1053842,-0.00054117,21.92,-0.012305996
11/29/1991,1054719,0.000361267,21.32,-0.012053349
12/6/1991,1059296,0.001880563,20.56,-0.01576409
12/13/1991,1056136,-0.001297486,19.67,-0.01921875
12/20/1991,1045154,-0.004539559,19.25,-0.009373626
12/27/1991,1036177,-0.003746339,18.75,-0.011429462
1/3/1992,1042440,0.00261712,19.12,0.008486616
1/10/1992,1041664,-0.000323412,18.37,-0.017378732
1/17/1992,1037551,-0.001718202,18.84,0.010971742
1/24/1992,1029214,-0.003503768,18.8,-0.000923049
1/31/1992,1015725,-0.005729543,19.05,0.005737131
2/7/1992,1006390,-0.004009829,19.42,0.008354246
2/14/1992,997860,-0.003696699,19.49,0.001562614
2/21/1992,996328,-0.000667278,18.43,-0.024286504
2/28/1992,1009200,0.005574906,18.56,0.003052637
3/6/1992,1005530,-0.00158221,18.53,-0.000702553
3/13/1992,1001487,-0.001749716,18.77,0.005588853
3/20/1992,1001320,-7.24255E-05,19.13,0.008250697
3/27/1992,988630,-0.005539106,19.2,0.001586259
4/3/1992,982898,-0.002525334,19.72,0.011605682
4/10/1992,982424,-0.000209488,20.41,0.014936094
4/17/1992,990053,0.003359481,20.04,-0.007945288
4/24/1992,987409,-0.001161363,20.19,0.003238602
5/1/1992,985153,-0.000993397,20.63,0.009362909
5/8/1992,987401,0.000989879,20.85,0.004606831
5/15/1992,993599,0.002717583,20.79,-0.00125157
5/22/1992,993600,4.37092E-07,20.58,-0.004409119
5/29/1992,1003498,0.004304928,22,0.02897731
6/5/1992,1010204,0.002892573,22.33,0.006466042
6/12/1992,1022485,0.005247862,22.38,0.000971359
6/19/1992,1017251,-0.00222882,22.29,-0.001750014
6/26/1992,1023803,0.002788272,22.6,0.005998371
7/3/1992,1028015,0.001783054,21.95,-0.012673915
7/10/1992,1033882,0.002471523,21.48,-0.009400248
7/17/1992,1027403,-0.002730145,21.58,0.002017163
7/24/1992,1029838,0.001028083,21.87,0.005797343
7/31/1992,1038546,0.003656825,21.96,0.001783553
8/7/1992,1036067,-0.001037896,21.35,-0.012234456
8/14/1992,1034798,-0.00053226,21.13,-0.004498382
8/21/1992,1041586,0.002839553,21.36,0.004701751
8/28/1992,1028054,-0.005679207,21.27,-0.001833758
9/4/1992,1028077,9.71609E-06,21.65,0.007690411
9/11/1992,1036065,0.003361359,21.97,0.006372156
9/18/1992,1042791,0.002810271,22.23,0.005109406
9/25/1992,1044946,0.000896574,21.85,-0.007488021
10/2/1992,1045871,0.000384273,21.78,-0.001393566
10/9/1992,1044104,-0.000734361,21.97,0.003772182
10/16/1992,1046409,0.000957707,22.22,0.004913998
10/23/1992,1054998,0.00355017,21.63,-0.011687535
10/30/1992,1052862,-0.000880185,20.95,-0.013872492
11/6/1992,1054676,0.000747612,20.55,-0.008372201
11/13/1992,1047675,-0.002892483,20.37,-0.003820797
11/20/1992,1049483,0.000748827,20.35,-0.000426615
11/27/1992,1053654,0.001722612,20.23,-0.002568531
12/4/1992,1053084,-0.000235006,19.37,-0.018866262
12/11/1992,1051993,-0.000450164,19.05,-0.007234641
12/18/1992,1042070,-0.004115957,19.4,0.00790675
12/25/1992,1017853,-0.010211832,19.92,0.011487604
1/1/1993,1016078,-0.000758013,19.64,-0.006147851
1/8/1993,1017925,0.000788732,19.03,-0.013702695
1/15/1993,1027978,0.00426804,18.65,-0.008759952
1/22/1993,1024322,-0.00154732,18.68,0.000698036
1/29/1993,1016486,-0.003335099,19.93,0.028130427
2/5/1993,1010055,-0.002756379,20.15,0.004767752
2/12/1993,1017125,0.003029306,20.11,-0.00086298
2/19/1993,1002994,-0.006075994,19.48,-0.013823118
2/26/1993,999858,-0.001360009,20.45,0.02110436
3/5/1993,994085,-0.002514805,20.74,0.00611544
3/12/1993,998843,0.00207371,20.44,-0.006327861
3/19/1993,979169,-0.008639575,20.17,-0.005774993
3/26/1993,983794,0.002046514,20.12,-0.001077922
4/2/1993,994975,0.004907999,20.44,0.006852915
4/9/1993,1006099,0.004828549,20.38,-0.001276712
4/16/1993,997069,-0.003915504,20.34,-0.000853231
4/23/1993,1001722,0.002021998,20.14,-0.004291482
4/30/1993,1001847,5.41901E-05,20.36,0.004718307
5/7/1993,995574,-0.002727856,20.47,0.002340069
5/14/1993,999933,0.001897355,20.05,-0.009003466
5/21/1993,1003142,0.001391513,19.48,-0.012525424
5/28/1993,1019988,0.007232648,19.92,0.009700382
6/4/1993,1033494,0.005712897,19.95,0.000653566
6/11/1993,1031283,-0.000930101,19.42,-0.011693674
6/18/1993,1043794,0.005236937,18.74,-0.015479639
6/25/1993,1056760,0.00536157,18.73,-0.000231809
7/2/1993,1050228,-0.002692773,18.63,-0.002324922
7/9/1993,1064318,0.005787814,18,-0.01494035
7/16/1993,1070428,0.002486054,17.72,-0.006808788
7/23/1993,1066328,-0.001666648,17.62,-0.002457813
7/30/1993,1069552,0.001311091,18.14,0.012631379
8/6/1993,1070273,0.000292665,17.69,-0.01090945
8/13/1993,1066945,-0.001352537,17.85,0.003910388
8/20/1993,1057497,-0.003862889,17.84,-0.00024337
8/27/1993,1063265,0.002362374,18.47,0.015072045
9/3/1993,1063295,1.22534E-05,18.14,-0.007829613
9/10/1993,1064706,0.00057593,16.96,-0.029211435
9/17/1993,1064474,-9.46433E-05,16.93,-0.00076889
9/24/1993,1056881,-0.003108968,17.72,0.019806759
10/1/1993,1057882,0.000411137,18.36,0.015408959
10/8/1993,1063395,0.002257386,18.45,0.002123694
10/15/1993,1054386,-0.003694983,18.58,0.003049339
10/22/1993,1062607,0.003373042,18.17,-0.009690782
10/29/1993,1068926,0.002574968,17.4,-0.018805679
11/5/1993,1064738,-0.001704887,17.31,-0.00225218
11/12/1993,1069430,0.001909609,16.71,-0.015320618
11/19/1993,1061483,-0.00323932,16.76,0.001297564
11/26/1993,1067113,0.002297367,16.7,-0.001557543
12/3/1993,1078583,0.00464316,15.23,-0.040016568
12/10/1993,1079414,0.000334476,14.71,-0.015087231
12/17/1993,1073501,-0.002385593,14.32,-0.011669655
12/24/1993,1073010,-0.000198684,14.45,0.003924829
12/31/1993,1065992,-0.002849824,14.21,-0.007273769
1/7/1994,1052401,-0.005572693,15.06,0.025230894
1/14/1994,1049713,-0.001110676,14.63,-0.012580646
1/21/1994,1035294,-0.006006879,15.05,0.012292174
1/28/1994,1022402,-0.005442007,15.31,0.007438691
2/4/1994,1020338,-0.000877629,15.73,0.011753532
2/11/1994,1009412,-0.004675598,14.87,-0.024417754
2/18/1994,1008431,-0.000422276,14.11,-0.022783955
2/25/1994,999336,-0.003934655,14.5,0.011840988
3/4/1994,999587,0.000109067,14.65,0.004469622
3/11/1994,996804,-0.001210827,14.19,-0.013855229
3/18/1994,1005120,0.003608143,14.82,0.018865808
3/25/1994,995732,-0.00407545,15.14,0.009277672
4/1/1994,973629,-0.009748963,14.39,-0.022065081
4/8/1994,970134,-0.001561776,15.69,0.03756215
4/15/1994,977238,0.003168621,16.08,0.010663101
4/22/1994,983924,0.002961208,16.75,0.017728767
4/29/1994,979774,-0.001835644,16.91,0.004128796
5/6/1994,983759,0.001762808,17.18,0.006879552
5/13/1994,992034,0.003637838,17.94,0.018799279
5/20/1994,991174,-0.000376656,18.2,0.006248949
5/27/1994,989259,-0.000839891,17.89,-0.007461047
6/3/1994,997148,0.003449612,18.22,0.007938032
6/10/1994,997369,9.62429E-05,18.27,0.001190175
6/17/1994,998839,0.000639626,19.64,0.031402936
6/24/1994,1002321,0.001511338,19.78,0.003084804
7/1/1994,1009363,0.003040551,19.2,-0.012925059
7/8/1994,1015131,0.00247471,19.37,0.003828392
7/15/1994,1022604,0.003185397,20.17,0.017576277
7/22/1994,1029298,0.002833642,19.43,-0.016233098
7/29/1994,1030276,0.000412454,19.63,0.004447499
8/5/1994,1030418,5.98534E-05,20.05,0.009194077
8/12/1994,1033979,0.001498282,18.88,-0.026112387
8/19/1994,1036598,0.001098648,17.87,-0.023877437
8/26/1994,1042220,0.002349036,17.22,-0.016091405
9/2/1994,1043303,0.000451053,17.53,0.007748769
9/9/1994,1051625,0.003450446,17.66,0.003208783
9/16/1994,1056386,0.001961735,16.95,-0.017820997
9/23/1994,1060366,0.001633157,17.43,0.012127685
9/30/1994,1068985,0.003515817,17.85,0.010340833
10/7/1994,1070372,0.000563129,18.16,0.007477624
10/14/1994,1066277,-0.001664698,17.4,-0.018566596
10/21/1994,1060434,-0.002386398,17.32,-0.002001361
10/28/1994,1060133,-0.00012329,17.87,0.013576665
11/4/1994,1056886,-0.001332208,18.69,0.019484749
11/11/1994,1055746,-0.0004687,18.27,-0.009870754
11/18/1994,1053812,-0.000796305,17.51,-0.018452401
11/25/1994,1054421,0.000250907,17.84,0.008108704
12/2/1994,1064797,0.004252772,17.81,-0.000730931
12/9/1994,1053054,-0.004816177,16.98,-0.020726234
12/16/1994,1052374,-0.000280532,16.86,-0.003080116
12/23/1994,1039788,-0.005225309,17.07,0.005375951
12/30/1994,1029548,-0.004298202,17.73,0.016475214
1/6/1995,1031406,0.000783054,17.58,-0.003689865
1/13/1995,1031289,-4.9268E-05,17.55,-0.00074175
1/20/1995,1022771,-0.00360198,18.45,0.02171925
1/27/1995,1018773,-0.001700979,18.21,-0.005686425
2/3/1995,1018721,-2.21677E-05,18.46,0.005921751
2/10/1995,1007846,-0.004661082,18.41,-0.001177908
2/17/1995,1005809,-0.000878659,18.5,0.00211794
2/24/1995,994038,-0.00511253,18.65,0.003507108
3/3/1995,997970,0.001714499,18.49,-0.003741925
3/10/1995,994785,-0.001388258,18.3,-0.004485821
3/17/1995,993588,-0.00052289,18.13,-0.004053286
3/24/1995,997725,0.001804517,18.73,0.014139973
3/31/1995,998284,0.000243256,19.13,0.009177193
4/7/1995,991633,-0.00290314,19.44,0.006981291
4/14/1995,989215,-0.001060278,19.54,0.002228299
4/21/1995,994666,0.00238658,20.22,0.014856592
4/28/1995,989164,-0.002408971,20.27,0.001072597
5/5/1995,989712,0.000240534,20.22,-0.001072597
5/12/1995,993896,0.001832107,19.72,-0.010874241
5/19/1995,992322,-0.000688323,20,0.006123085
5/26/1995,1003169,0.004721483,19.39,-0.013452187
6/2/1995,1005547,0.001028272,18.93,-0.010427195
6/9/1995,1007105,0.000672377,19.03,0.002288174
6/16/1995,1009579,0.001065556,18.92,-0.002517656
6/23/1995,1002168,-0.003199777,17.74,-0.027967517
6/30/1995,1005353,0.001378047,17.67,-0.001717066
7/7/1995,1010077,0.002035904,17.23,-0.010951272
7/14/1995,1016166,0.002610178,17.34,0.002763816
7/21/1995,1010498,-0.002429201,17.14,-0.005038276
7/28/1995,1005347,-0.002219472,17.25,0.002778282
8/4/1995,1000165,-0.002244334,17.69,0.010938734
8/11/1995,1003807,0.001578567,17.79,0.002448115
8/18/1995,994435,-0.004073819,17.61,-0.004416592
8/25/1995,995693,0.000549053,18.1,0.011919219
9/1/1995,1010297,0.006323609,17.86,-0.00579712
9/8/1995,1006632,-0.001578331,18.41,0.013172334
9/15/1995,1007889,0.000541973,18.68,0.006323083
9/22/1995,1008785,0.000385911,18.28,-0.00940068
9/29/1995,1015620,0.002932629,17.53,-0.018194275
10/6/1995,1007590,-0.003447396,17.28,-0.006238178
10/13/1995,1005058,-0.001092724,17.31,0.00075333
10/20/1995,1002249,-0.001215493,17.51,0.004989078
10/27/1995,996324,-0.00257504,17.39,-0.002986564
11/3/1995,995729,-0.000259436,17.78,0.009632175
11/10/1995,986008,-0.004260717,17.77,-0.000244329
11/17/1995,992765,0.002966019,18.06,0.007030318
11/24/1995,1000394,0.003324621,18,-0.001445241
12/1/1995,995012,-0.00234276,18.32,0.007652964
12/8/1995,985811,-0.004034659,18.75,0.010075803
12/15/1995,986733,0.000405993,19,0.005752329
12/22/1995,970115,-0.007376433,19.17,0.003868512
12/29/1995,961968,-0.003662594,19.42,0.005627113
1/5/1996,955175,-0.003077678,19.97,0.012128839
1/12/1996,953816,-0.000618344,19.17,-0.017755952
1/19/1996,957409,0.001632902,18.61,-0.01287574
1/26/1996,950819,-0.002999654,18.07,-0.012788221
2/2/1996,943984,-0.003133218,17.65,-0.010213443
2/9/1996,927649,-0.007580953,17.7,0.001228557
2/16/1996,912568,-0.007118445,18.81,0.026415529
2/23/1996,906505,-0.002895032,19.92,0.024900539
3/1/1996,901067,-0.002613119,19.47,-0.009923383
3/8/1996,905042,0.001911649,19.67,0.004438408
3/15/1996,893928,-0.005366193,20.82,0.024676365
3/22/1996,886222,-0.003760014,22.73,0.038118711
3/29/1996,886598,0.00018422,21.85,-0.017147994
4/5/1996,884561,-0.00099896,22.5,0.012731077
4/12/1996,892281,0.003773858,23.99,0.02784773
4/19/1996,894645,0.001149094,24.39,0.007181552
4/26/1996,901582,0.003354493,22.74,-0.03042134
5/3/1996,911821,0.004904358,21.3,-0.028410857
5/10/1996,912946,0.0005355,20.97,-0.006781173
5/17/1996,913649,0.000334293,21.14,0.003506553
5/24/1996,911907,-0.000828834,21.82,0.013749763
5/31/1996,928731,0.007939393,20.39,-0.02943752
6/7/1996,933252,0.002108987,20.07,-0.006869853
6/14/1996,935539,0.001062967,20.16,0.001943155
6/21/1996,937200,0.000770383,20.99,0.017521911
6/28/1996,939283,0.000964182,20.51,-0.010046778
7/5/1996,945138,0.002698763,21.29,0.016210001
7/12/1996,946936,0.000825403,21.62,0.006680028
7/19/1996,944073,-0.00131505,21.87,0.004993093
7/26/1996,938419,-0.002608785,20.79,-0.021994294
8/2/1996,935124,-0.001527589,20.68,-0.002303955
8/9/1996,935031,-4.31936E-05,21.38,0.014457166
8/16/1996,938869,0.00177899,22.25,0.017322314
8/23/1996,948814,0.004576085,22.42,0.003305593
8/30/1996,947250,-0.00071647,21.86,-0.010985451
9/6/1996,945687,-0.000717195,23.48,0.031047935
9/13/1996,944891,-0.000365707,24.42,0.017047567
9/20/1996,948919,0.00184743,23.51,-0.01649303
9/27/1996,948722,-9.01709E-05,24.13,0.011304693
10/4/1996,947319,-0.000642724,24.42,0.005188338
10/11/1996,940691,-0.003049259,24.95,0.00932489
10/18/1996,940483,-9.60392E-05,25.48,0.009128874
10/25/1996,936766,-0.00171983,25.18,-0.005143698
11/1/1996,948287,0.005308677,23.97,-0.021387692
11/8/1996,936934,-0.005230798,22.89,-0.020022241
11/15/1996,930282,-0.003094381,23.88,0.01838853
11/22/1996,924833,-0.0025513,23.94,0.001089824
11/29/1996,929174,0.002033731,23.62,-0.005844253
12/6/1996,932937,0.001755268,25.15,0.027258096
12/13/1996,921080,-0.005554965,24.26,-0.015647193
12/20/1996,906873,-0.00675088,25.85,0.027569751
12/27/1996,908724,0.000885526,25.01,-0.014346856
1/3/1997,912902,0.00199216,25.64,0.010804329
1/10/1997,917827,0.002336671,26.34,0.01169775
1/17/1997,909609,-0.003906081,25.44,-0.015098664
1/24/1997,911038,0.000681743,24.5,-0.016351023
1/31/1997,911146,5.14809E-05,24.27,-0.004096308
2/7/1997,910484,-0.000315655,23.48,-0.014371684
2/14/1997,911079,0.000283718,22.23,-0.02375863
2/21/1997,905517,-0.002659428,22.17,-0.00117377
2/28/1997,906813,0.000621129,20.8,-0.027702358
3/7/1997,915461,0.00412211,20.71,-0.001883236
3/14/1997,913345,-0.001004992,20.64,-0.001470406
3/21/1997,911834,-0.000719074,21.77,0.023148736
3/28/1997,914606,0.001318264,20.85,-0.01875237
4/4/1997,916012,0.000667117,19.75,-0.023538959
4/11/1997,924576,0.004041453,19.39,-0.007989291
4/18/1997,926085,0.000708234,19.68,0.006447285
4/25/1997,932636,0.003061325,19.95,0.005917806
5/2/1997,920862,-0.005517623,20.01,0.001304189
5/9/1997,932428,0.005420755,19.94,-0.001521935
5/16/1997,933099,0.000312417,21.51,0.032915256
5/23/1997,942478,0.004343497,21.63,0.002416109
5/30/1997,964144,0.009870682,20.86,-0.015742215
6/6/1997,971833,0.003449739,19.98,-0.01871882
6/13/1997,975500,0.001635632,18.68,-0.029218612
6/20/1997,976981,0.000658844,18.85,0.003934483
6/27/1997,972936,-0.001801845,19.25,0.009119379
7/4/1997,979295,0.002829264,19.96,0.015729803
7/11/1997,979173,-5.41075E-05,19.45,-0.011240931
7/18/1997,976481,-0.001195632,19.51,0.001337664
7/25/1997,964843,-0.005207147,19.51,0
8/1/1997,973114,0.00370707,20.08,0.012506439
8/8/1997,977552,0.001976148,20.33,0.00537367
8/15/1997,977579,1.19951E-05,20,-0.007107383
8/22/1997,978939,0.000603767,19.89,-0.002395213
8/29/1997,978947,3.54909E-06,19.49,-0.008822944
9/5/1997,983738,0.002120268,19.57,0.001778987
9/12/1997,993122,0.004123155,19.4,-0.003789096
9/19/1997,996369,0.001417604,19.41,0.000223805
9/26/1997,998693,0.001011799,20.12,0.015602441
10/3/1997,1003834,0.002229895,21.6,0.030825775
10/10/1997,1004343,0.000220156,22.06,0.009151757
10/17/1997,1003365,-0.000423109,20.83,-0.024916238
10/24/1997,1006126,0.001193424,20.97,0.002909161
10/31/1997,1010992,0.002095347,20.91,-0.001244398
11/7/1997,1003594,-0.003189663,20.63,-0.005854805
11/14/1997,1004384,0.000341729,20.62,-0.000210567
11/21/1997,1003214,-0.000506202,19.8,-0.017623471
11/28/1997,1006668,0.001492679,19.57,-0.005074365
12/5/1997,1000748,-0.002561533,18.71,-0.019517038
12/12/1997,1000341,-0.000176662,18.4,-0.007255964
12/19/1997,989818,-0.004592722,18.29,-0.002604118
12/26/1997,984363,-0.002400066,18.3,0.000237384
1/2/1998,984217,-6.4419E-05,17.57,-0.017679328
1/9/1998,987051,0.001248731,16.84,-0.018429674
1/16/1998,995417,0.003665461,16.44,-0.010440274
1/23/1998,994467,-0.000414677,16.14,-0.007998283
1/30/1998,992509,-0.000855923,17.23,0.028381747
2/6/1998,994409,0.000830593,16.64,-0.015131955
2/13/1998,987149,-0.003182336,16.24,-0.010567297
2/20/1998,986525,-0.000274615,16.06,-0.004840484
2/27/1998,984467,-0.000906933,15.38,-0.018789205
3/6/1998,978943,-0.002443758,15.23,-0.004256432
3/13/1998,973165,-0.002570924,14.21,-0.030105825
3/20/1998,982601,0.004190721,13.89,-0.009891832
3/27/1998,985844,0.001430996,16.5,0.074781698
4/3/1998,984675,-0.000515286,15.82,-0.018277465
4/10/1998,994019,0.004101774,15.45,-0.010277995
4/17/1998,1003049,0.003927464,15.45,0
4/24/1998,1006542,0.001509752,15.34,-0.003103124
5/1/1998,1018761,0.00524041,15.58,0.006742094
5/8/1998,1028238,0.004021339,15.43,-0.004201527
5/15/1998,1037708,0.003981515,14.98,-0.012854113
5/22/1998,1043985,0.002619094,14.12,-0.025677117
5/29/1998,1052879,0.003684205,14.97,0.025387104
6/5/1998,1051361,-0.000626601,14.96,-0.000290207
6/12/1998,1053289,0.000795686,13.44,-0.046532325
6/19/1998,1057338,0.001666292,11.95,-0.051031363
6/26/1998,1061425,0.001675472,14.14,0.073081504
7/3/1998,1056508,-0.002016523,14.28,0.004278798
7/10/1998,1058363,0.000761859,13.83,-0.013906027
7/17/1998,1067396,0.003690922,14.37,0.016634588
7/24/1998,1078028,0.00430447,13.81,-0.01726309
7/31/1998,1084522,0.002608325,14.2,0.012094666
8/7/1998,1083330,-0.000477596,13.74,-0.014301612
8/14/1998,1087482,0.001661307,13.02,-0.023375748
8/21/1998,1080879,-0.002644998,13.24,0.007277001
8/28/1998,1079767,-0.000447029,13.54,0.009730679
9/4/1998,1074512,-0.00211878,14,0.014509371
9/11/1998,1076851,0.000944346,14.36,0.011026404
9/18/1998,1072610,-0.001713774,14.77,0.012226055
9/25/1998,1077049,0.00179362,15.74,0.027624233
10/2/1998,1074172,-0.001161634,15.77,0.000826965
10/9/1998,1067182,-0.002835336,14.99,-0.02203006
10/16/1998,1065527,-0.000674032,14.18,-0.024125402
10/23/1998,1066409,0.000359343,13.78,-0.012427013
10/30/1998,1066636,9.24358E-05,14.26,0.014870308
11/6/1998,1069802,0.001287168,14.11,-0.004592512
11/13/1998,1064341,-0.002222613,13.57,-0.016947166
11/20/1998,1066577,0.000911422,12.34,-0.041264688
11/27/1998,1059383,-0.002939215,12.14,-0.007096473
12/4/1998,1066451,0.002887906,11.19,-0.0353886
12/11/1998,1072004,0.0022555,11.09,-0.00389854
12/18/1998,1065780,-0.00252884,11.44,0.013494478
12/25/1998,1059408,-0.002604318,11.12,-0.012321237
1/1/1999,1042908,-0.006817249,11.75,0.023933079
1/8/1999,1049240,0.00262884,12.66,0.032395839
1/15/1999,1048817,-0.000175121,12.58,-0.002753065
1/22/1999,1043485,-0.002213508,12.26,-0.011190171
1/29/1999,1043855,0.000153965,12.4,0.004931215
2/5/1999,1044179,0.000134779,12.17,-0.008131107
2/12/1999,1039886,-0.001789223,11.77,-0.014514115
2/19/1999,1042731,0.001186554,11.68,-0.00333362
2/26/1999,1031231,-0.004816325,12.4,0.025978842
3/5/1999,1029571,-0.000699659,12.87,0.016156862
3/12/1999,1025273,-0.001816781,14.19,0.042403849
3/19/1999,1021163,-0.00174445,14.84,0.019451505
3/26/1999,1017763,-0.001448412,15.64,0.022802848
4/2/1999,1020734,0.001265923,16.66,0.027438248
4/9/1999,1036615,0.006704908,16.44,-0.005773184
4/16/1999,1030475,-0.002580029,16.76,0.008372201
4/23/1999,1031010,0.000225418,17.92,0.029063991
4/30/1999,1037458,0.002707646,18.22,0.007210367
5/7/1999,1040286,0.00118223,18.66,0.010363267
5/14/1999,1052088,0.004899313,18.04,-0.014675106
5/21/1999,1052787,0.000288446,17.27,-0.018944196
5/28/1999,1055919,0.001290091,17.11,-0.004042328
6/4/1999,1055888,-1.27503E-05,16.76,-0.008975995
6/11/1999,1057154,0.000520403,17.96,0.030032318
6/18/1999,1053277,-0.001595657,18.2,0.005765056
6/25/1999,1051888,-0.0005731,18.09,-0.002632821
7/2/1999,1049421,-0.00101975,19.01,0.02154355
7/9/1999,1058057,0.003559314,19.8,0.017683073
7/16/1999,1059356,0.000532866,20.15,0.00760986
7/23/1999,1053521,-0.002398734,20.01,-0.003027962
7/30/1999,1051663,-0.000766602,20.59,0.012409258
8/6/1999,1047706,-0.001637164,20.53,-0.001267397
8/13/1999,1044749,-0.001227467,21.45,0.019038347
8/20/1999,1040552,-0.001748176,21.61,0.00322747
8/27/1999,1040635,3.46403E-05,21.22,-0.007909387
9/3/1999,1034843,-0.002423962,21.92,0.01409517
9/10/1999,1030157,-0.001971048,23.01,0.021076069
9/17/1999,1031895,0.00073209,24.29,0.023510896
9/24/1999,1030614,-0.00053947,24.5,0.00373857
10/1/1999,1030155,-0.000193463,24.54,0.000708474
10/8/1999,1022713,-0.003148798,22.77,-0.032511528
10/15/1999,1020225,-0.001057815,22.38,-0.007502948
10/22/1999,1012104,-0.00347082,22.6,0.004248357
10/29/1999,1009930,-0.000933868,22.58,-0.000384502
11/5/1999,1000645,-0.004011243,22.72,0.002684389
11/12/1999,992651,-0.003483445,24.2,0.027407039
11/19/1999,982237,-0.004580295,25.96,0.030489322
11/26/1999,978241,-0.001770429,26.79,0.013668025
12/3/1999,972293,-0.002648702,25.44,-0.022455607
12/10/1999,958861,-0.006041504,26.16,0.012120633
12/17/1999,953903,-0.00225144,26.21,0.000829281
12/24/1999,940797,-0.006008291,26.04,-0.002826041
12/31/1999,927748,-0.006065897,26.31,0.004479868
1/7/2000,921341,-0.003009629,24.87,-0.024445063
1/14/2000,918976,-0.001116228,26.29,0.024114801
1/21/2000,910723,-0.003917865,29.06,0.043505024
1/28/2000,896962,-0.00661226,27.7,-0.020815841
2/4/2000,891665,-0.002572325,28.05,0.005453097
2/11/2000,884554,-0.003477369,28.82,0.011761111
2/18/2000,879418,-0.002529,29.87,0.015541246
2/25/2000,878771,-0.000319634,29.83,-0.000581969
3/3/2000,886418,0.00376285,31.11,0.018246758
3/10/2000,879956,-0.00317761,32.2,0.014955861
3/17/2000,880769,0.000401064,31.29,-0.012450309
3/24/2000,879853,-0.000451901,28.04,-0.047627554
3/31/2000,883385,0.001739901,26.99,-0.016575125
4/7/2000,889073,0.002787401,25.69,-0.02143878
4/14/2000,891893,0.001375334,24.87,-0.014088319
4/21/2000,900051,0.003954363,26.31,0.024445063
4/28/2000,906042,0.002881211,25.44,-0.014603741
5/5/2000,912206,0.002944594,26.76,0.021969002
5/12/2000,916788,0.002175996,28.71,0.030547083
5/19/2000,922234,0.002572209,29.84,0.016765626
5/26/2000,923020,0.000369982,29.57,-0.003947494
6/2/2000,930705,0.003600936,29.96,0.005690485
6/9/2000,934568,0.001798859,29.88,-0.001161216
6/16/2000,930063,-0.002098539,32.49,0.036369118
6/23/2000,936255,0.002881783,32.11,-0.005109406
6/30/2000,936838,0.000270348,32.16,0.000675735
7/7/2000,943557,0.003103643,30.31,-0.025730104
7/14/2000,942910,-0.000297899,30.52,0.002998593
7/21/2000,949070,0.002828004,30.74,0.003119334
7/28/2000,940466,-0.003955146,28,-0.040545832
8/4/2000,942288,0.000840561,28.42,0.006466042
8/11/2000,942669,0.000175565,30.15,0.025663243
8/18/2000,943634,0.000444355,31.87,0.024094747
8/25/2000,942714,-0.000423624,31.87,0
9/1/2000,947768,0.002322085,33.09,0.016314704
9/8/2000,945995,-0.0008132,34.44,0.017366376
9/15/2000,938934,-0.003253775,34.65,0.002640096
9/22/2000,938971,1.71136E-05,35.45,0.009913001
9/29/2000,944109,0.002369958,31.14,-0.056297631
10/6/2000,949250,0.002358468,31.41,0.003749328
10/13/2000,937775,-0.005281955,33.87,0.03274726
10/20/2000,937058,-0.000332178,33.21,-0.008546321
10/27/2000,931606,-0.002534196,33.31,0.001305757
11/3/2000,928979,-0.00122638,32.8,-0.006700789
11/10/2000,932146,0.001478044,33.49,0.009041304
11/17/2000,932352,9.59665E-05,35.1,0.020391969
11/24/2000,932263,-4.14586E-05,35.26,0.001975191
12/1/2000,938138,0.00272828,34.01,-0.015675676
12/8/2000,928078,-0.00468225,29.68,-0.059142735
12/15/2000,931610,0.001649664,28.96,-0.010665339
12/22/2000,924422,-0.003363869,27.4,-0.024047995
12/29/2000,914097,-0.004877989,26.44,-0.015489112
1/5/2001,911061,-0.001444828,27.83,0.022251756
1/12/2001,906808,-0.002032113,28.78,0.014577583
1/19/2001,908845,0.000974479,30.63,0.027056207
1/26/2001,906356,-0.001191008,29.99,-0.009170531
2/2/2001,907639,0.000614335,29.56,-0.006272036
2/9/2001,907404,-0.000112459,30.96,0.020096522
2/16/2001,899798,-0.003655666,29.71,-0.0178983
2/23/2001,902657,0.001377731,28.74,-0.014415888
3/2/2001,898299,-0.002101838,27.88,-0.013193994
3/9/2001,902827,0.002183622,28.46,0.008942126
3/16/2001,901012,-0.000873964,27.06,-0.021907103
3/23/2001,909129,0.003894936,26.55,-0.008263267
3/30/2001,907092,-0.000974175,26.83,0.004556147
4/6/2001,910949,0.001842727,26.64,-0.003086452
4/13/2001,918418,0.003546323,28.05,0.022398645
4/20/2001,923694,0.002487736,28.02,-0.000464735
4/27/2001,942322,0.008671208,27.69,-0.005145175
5/4/2001,945620,0.001517318,28.4,0.010995384
5/11/2001,953563,0.003632742,28.09,-0.004766601
5/18/2001,959579,0.002731344,29.07,0.014893293
5/25/2001,968446,0.003994675,29.22,0.00223518
6/1/2001,983434,0.006669809,28.38,-0.01266782
6/8/2001,984178,0.000328434,28.05,-0.005079526
6/15/2001,996068,0.005215335,28.92,0.013265423
6/22/2001,998904,0.001234764,26.98,-0.030156343
6/29/2001,996075,-0.001231712,26.33,-0.010591086
7/6/2001,997041,0.000420978,26.86,0.008655149
7/13/2001,1004276,0.003140067,27.12,0.004183677
7/20/2001,1004959,0.00029526,25.36,-0.029140436
7/27/2001,1001961,-0.001297526,26.6,0.020732387
8/3/2001,1000970,-0.000429756,27.02,0.006803708
8/10/2001,994492,-0.002819768,27.78,0.012046897
8/17/2001,987656,-0.002995587,27.49,-0.004557502
8/24/2001,986414,-0.000546479,27,-0.007810976
8/31/2001,984323,-0.000921594,26.93,-0.001127411
9/7/2001,990122,0.002551077,27.37,0.007038444
9/14/2001,990662,0.000236794,27.63,0.004106088
9/21/2001,1004105,0.005853625,27.16,-0.007451119
9/28/2001,1009959,0.002524614,22.47,-0.082326693
10/5/2001,1010687,0.000312936,22.63,0.003081482
10/12/2001,1007961,-0.001172951,22.66,0.000575352
10/19/2001,1009553,0.000685395,21.85,-0.015808464
10/26/2001,1008399,-0.000496717,22,0.00297124
11/2/2001,1007166,-0.00053135,21.15,-0.017112309
11/9/2001,1006026,-0.000491852,20.68,-0.009759837
11/16/2001,1003376,-0.001145496,19.62,-0.022851531
11/23/2001,1004733,0.000586958,18.61,-0.02295263
11/30/2001,1012865,0.003500897,19.09,0.011059555
12/7/2001,1008484,-0.001882552,19.36,0.006099425
12/14/2001,1003114,-0.002318721,18.43,-0.021380018
12/21/2001,996084,-0.003054328,19.46,0.023617501
12/28/2001,992919,-0.001382143,20.86,0.030171468
1/4/2002,998780,0.002556016,20.71,-0.003134205
1/11/2002,998574,-8.95832E-05,20.59,-0.002523752
1/18/2002,1000547,0.00085724,18.52,-0.046015364
1/25/2002,1001896,0.000585149,19.38,0.01971279
2/1/2002,1000514,-0.000599473,19.71,0.007332852
2/8/2002,1000418,-4.16729E-05,19.96,0.005473913
2/15/2002,993719,-0.002917904,21.21,0.026380132
2/22/2002,988046,-0.002486429,20.8,-0.008477334
3/1/2002,984631,-0.001503659,21.46,0.013566383
3/8/2002,983285,-0.000594091,23.26,0.034979993
3/15/2002,982530,-0.000333594,24.35,0.019889255
3/22/2002,973361,-0.004071879,25.17,0.01438425
3/29/2002,979847,0.002884326,25.63,0.007865391
4/5/2002,982188,0.001036357,26.99,0.022454278
4/12/2002,975820,-0.002824909,25.39,-0.026540184
4/19/2002,980795,0.002208528,25.56,0.002898149
4/26/2002,987844,0.003110123,26.62,0.017647202
5/3/2002,990056,0.000971394,26.89,0.004382751
5/10/2002,990651,0.000260922,27.25,0.005775704
5/17/2002,998755,0.003538284,28.4,0.017951833
5/24/2002,1002270,0.001525765,26.81,-0.025021526
5/31/2002,1008232,0.002575746,25.25,-0.026035432
6/7/2002,1010164,0.00083141,24.97,-0.00484284
6/14/2002,1014859,0.00201382,24.93,-0.000696264
6/21/2002,1013228,-0.000698525,25.64,0.012195742
6/28/2002,1014965,0.000743884,26.65,0.016779193
7/5/2002,1011612,-0.001437094,26.79,0.0022755
7/12/2002,1016042,0.001897688,26.65,-0.0022755
7/19/2002,1013823,-0.000949521,27.62,0.015526461
7/26/2002,1012277,-0.00066277,26.62,-0.016015623
8/2/2002,1008745,-0.001517974,26.85,0.003736239
8/9/2002,996199,-0.005435294,26.76,-0.001458181
8/16/2002,997524,0.000577252,28.46,0.026748787
8/23/2002,996788,-0.000320552,29.33,0.013077167
8/30/2002,990700,-0.002660638,28.87,-0.006865279
9/6/2002,993706,0.001315749,28.66,-0.003170598
9/13/2002,988079,-0.002466243,29.58,0.013721984
9/20/2002,986632,-0.000636472,29.47,-0.001618034
9/27/2002,978129,-0.003759062,30.61,0.016483194
10/4/2002,965916,-0.005456775,30.23,-0.005425182
10/11/2002,963591,-0.001046625,29.36,-0.012682096
10/18/2002,965893,0.001036284,29.69,0.004854146
10/25/2002,962671,-0.00145113,27.94,-0.026383796
11/1/2002,967230,0.002051869,27.06,-0.01389861
11/8/2002,962260,-0.002237325,26,-0.017354444
11/15/2002,964104,0.000831452,25.57,-0.00724262
11/22/2002,959792,-0.001946759,26.64,0.017803492
11/29/2002,960788,0.000450444,26.47,-0.002780279
12/6/2002,965368,0.002065329,27.09,0.010055064
12/13/2002,960360,-0.002258836,27.76,0.010610457
12/20/2002,954741,-0.00254849,30.3,0.038023167
12/27/2002,938790,-0.007317118,32.23,0.026817677
1/3/2003,936843,-0.000901639,31.88,-0.004741993
1/10/2003,935118,-0.000800399,31.48,-0.005483589
1/17/2003,928968,-0.002865663,33.08,0.021530777
1/24/2003,919230,-0.004576565,33.25,0.002226149
1/31/2003,902387,-0.008031359,33.19,-0.000784397
2/7/2003,896332,-0.002923929,33.91,0.009320537
2/14/2003,889598,-0.003275104,35.77,0.02319115
2/21/2003,881912,-0.003768546,36.62,0.0101994
2/28/2003,878975,-0.001448729,36.81,0.002247477
3/7/2003,868262,-0.005325729,36.85,0.000471675
3/14/2003,865610,-0.001328529,36.64,-0.002482027
3/21/2003,870287,0.002340231,30.4,-0.081081881
3/28/2003,875753,0.002719137,29.16,-0.018086064
4/4/2003,868255,-0.003734341,29.39,0.003412066
4/11/2003,871096,0.001418727,28.08,-0.019802483
4/18/2003,882711,0.005752519,29.41,0.020097921
4/25/2003,889451,0.003303489,28.07,-0.020252612
5/2/2003,889085,-0.000178745,25.65,-0.039155043
5/9/2003,888593,-0.000240395,26.63,0.016283797
5/16/2003,895984,0.003597367,28.58,0.030691058
5/23/2003,896575,0.000286371,29.03,0.006784811
5/30/2003,905615,0.004356982,29.15,0.001791523
6/6/2003,907955,0.001120717,30.69,0.022358329
6/13/2003,913903,0.002835778,31.54,0.011864801
6/20/2003,912786,-0.000531133,30.68,-0.012006334
6/27/2003,908507,-0.002040693,29.24,-0.020877987
7/4/2003,909128,0.000296756,30.29,0.015321905
7/11/2003,914451,0.002535405,30.71,0.005980543
7/18/2003,912258,-0.001042759,31.46,0.010478902
7/25/2003,914904,0.001257846,30.41,-0.014742298
8/1/2003,920547,0.002670441,30.78,0.005252195
8/8/2003,915931,-0.002183209,32.07,0.017830344
8/15/2003,916693,0.000361157,31.37,-0.009584441
8/22/2003,913556,-0.001488741,31.25,-0.001664497
8/29/2003,918815,0.002492902,31.56,0.004286973
9/5/2003,923173,0.002055018,29.19,-0.0339029
9/12/2003,933993,0.005060527,28.89,-0.004486553
9/19/2003,942323,0.00385617,27.39,-0.02315551
9/26/2003,947404,0.002335423,27.76,0.00582743
10/3/2003,950027,0.001200734,29.45,0.025665837
10/10/2003,949109,-0.000419857,30.73,0.018477261
10/17/2003,949016,-4.25571E-05,31.55,0.011436803
10/24/2003,952512,0.001596921,30.18,-0.019280128
10/31/2003,949521,-0.001365882,29.19,-0.01448514
11/7/2003,944555,-0.002277323,29.81,0.009127881
11/14/2003,942982,-0.000723848,31.53,0.024361995
11/21/2003,935868,-0.003288805,32.48,0.01289205
11/28/2003,936710,0.000390559,29.97,-0.034929278
12/5/2003,932665,-0.001879477,30.76,0.011299588
12/12/2003,921023,-0.005455204,32.13,0.018924394
12/19/2003,917987,-0.001433945,33.23,0.014619616
12/26/2003,912863,-0.002430926,32.23,-0.013270036
1/2/2004,915532,0.001267924,32.57,0.004557453
1/9/2004,911966,-0.001694881,33.88,0.017125643
1/16/2004,910937,-0.000490305,34.43,0.006993621
1/23/2004,898971,-0.00574266,35.16,0.009111844
1/30/2004,896170,-0.001355281,33.61,-0.019580354
2/6/2004,885539,-0.005182709,33.55,-0.000775988
2/13/2004,883933,-0.000788345,33.85,0.003866149
2/20/2004,879229,-0.002317344,35.56,0.021403079
2/27/2004,881934,0.001334082,35.26,-0.003679444
3/5/2004,888730,0.003333755,36.64,0.016673157
3/12/2004,890511,0.000869448,36.38,-0.00309277
3/19/2004,896301,0.002814593,37.82,0.01685883
3/26/2004,902148,0.00282391,36.56,-0.014715337
4/2/2004,896833,-0.00256621,35.22,-0.016216835
4/9/2004,891693,-0.002496223,35.66,0.005391987
4/16/2004,896228,0.002203151,37.42,0.020922444
4/23/2004,902984,0.003261547,36.78,-0.007492058
4/30/2004,911024,0.003849763,37.33,0.006446265
5/7/2004,913912,0.001374562,39.21,0.021338852
5/14/2004,917446,0.001676132,40.44,0.013414305
5/21/2004,918608,0.000549712,40.89,0.004805964
5/28/2004,927350,0.004113453,40.58,-0.003305068
6/4/2004,930977,0.001695275,40.02,-0.006034958
6/11/2004,935586,0.002144763,37.98,-0.022722124
6/18/2004,940234,0.002152237,37.86,-0.001374351
6/25/2004,944309,0.001878177,37.76,-0.001148624
7/2/2004,950343,0.002766251,37.22,-0.006255617
7/9/2004,950749,0.000185497,39.76,0.028670007
7/16/2004,952460,0.000780869,40.39,0.006827477
7/23/2004,959703,0.003290107,41.23,0.008939482
7/30/2004,962369,0.001204773,42.55,0.01368623
8/6/2004,960446,-0.000868673,43.83,0.012871906
8/13/2004,961938,0.000674129,45.25,0.013847113
8/20/2004,963163,0.00055271,47.33,0.019517921
8/27/2004,962242,-0.000415482,44.2,-0.029714235
9/3/2004,962619,0.00017012,43.29,-0.009034684
9/10/2004,958993,-0.001638992,43.38,0.000901962
9/17/2004,945937,-0.005953224,44.26,0.008721862
9/24/2004,946488,0.000252899,47.83,0.033688971
10/1/2004,946269,-0.000100499,49.76,0.017179991
10/8/2004,945441,-0.000380181,51.8,0.017449388
10/15/2004,942421,-0.001389477,53.9,0.017259005
10/22/2004,943682,0.000580716,54.3,0.003211064
10/29/2004,947564,0.001782881,52.97,-0.010769857
11/5/2004,950394,0.001295133,49.81,-0.026713431
11/12/2004,948481,-0.00087505,48.01,-0.015984836
11/19/2004,950347,0.000853573,46.9,-0.010158863
11/26/2004,956679,0.002884033,49.01,0.01911186
12/3/2004,962266,0.0025289,46.03,-0.027243728
12/10/2004,959321,-0.00133119,41.92,-0.040619701
12/17/2004,958670,-0.000294814,43.5,0.016067983
12/24/2004,951865,-0.003093779,44.96,0.014337046
12/31/2004,949433,-0.001111035,42.55,-0.023926738
1/7/2005,944483,-0.002270177,44.08,0.015342021
1/14/2005,947390,0.001334651,46.76,0.025632917
1/21/2005,945124,-0.001040005,47.84,0.009916668
1/28/2005,941988,-0.001443421,48.65,0.007291674
2/4/2005,936592,-0.002494926,46.99,-0.0150774
2/11/2005,935086,-0.000698889,46.08,-0.008492975
2/18/2005,934472,-0.000285262,47.78,0.015733675
2/25/2005,934892,0.000195151,51.3,0.03087122
3/4/2005,936245,0.000628068,52.77,0.012269729
3/11/2005,931104,-0.002391319,54.24,0.011932587
3/18/2005,931307,9.46749E-05,55.92,0.013247482
3/25/2005,936891,0.0025962,55.33,-0.004606493
4/1/2005,939995,0.001436476,54.99,-0.002676951
4/8/2005,945783,0.00266596,55.27,0.002205745
4/15/2005,944566,-0.000559195,51.48,-0.030850926
4/22/2005,951247,0.003060991,52.94,0.012145399
4/29/2005,956258,0.002281781,52.37,-0.004701363
5/6/2005,962977,0.003040833,50.47,-0.016049269
5/13/2005,971120,0.003656984,50.35,-0.00103383
5/20/2005,975119,0.00178472,47.71,-0.023390058
5/27/2005,982544,0.003294389,50.53,0.024939882
6/3/2005,982511,-1.45866E-05,53.81,0.027313694
6/10/2005,985336,0.001246929,53.72,-0.000726988
6/17/2005,988235,0.001275881,56.25,0.019986523
6/24/2005,997616,0.004103175,59.12,0.021611899
7/1/2005,999479,0.000810268,58.25,-0.006438496
7/8/2005,1000442,0.000418242,60.31,0.015093399
7/15/2005,1002886,0.001059653,59.09,-0.008875338
7/22/2005,1000618,-0.000983258,57.46,-0.012148368
7/29/2005,1005508,0.002117219,59.56,0.015589067
8/5/2005,1008891,0.001458718,61.6,0.014626023
8/12/2005,1005580,-0.001427621,64.91,0.022730897
8/19/2005,1006016,0.000188261,64.84,-0.000468603
8/26/2005,1008473,0.001059387,66.42,0.010455865
9/2/2005,993600,-0.006452692,68.6,0.014025244
9/9/2005,989478,-0.00180544,64.73,-0.025218509
9/16/2005,996314,0.00299009,63.86,-0.005876693
9/23/2005,998825,0.001093171,66.22,0.015760262
9/30/2005,988930,-0.004323852,66.05,-0.001116354
10/7/2005,981909,-0.003094311,63.07,-0.020049991
10/14/2005,988165,0.002758227,63.03,-0.000275524
10/21/2005,987940,-9.88978E-05,62.33,-0.00485018
10/28/2005,989484,0.000678206,61.15,-0.008300666
11/4/2005,1001032,0.005039185,60.34,-0.005791156
11/11/2005,999984,-0.00045491,58.69,-0.012041196
11/18/2005,1001592,0.000697796,57.01,-0.012613069
11/25/2005,1003765,0.000941201,58.42,0.010610512
12/2/2005,1009606,0.002519875,57.79,-0.004708858
12/9/2005,1010894,0.000553696,59.82,0.014993714
12/16/2005,1003025,-0.003393861,60.31,0.00354292
12/23/2005,995679,-0.00319241,58.12,-0.016063723
12/30/2005,993515,-0.000944919,59.84,0.012665979
1/6/2006,995095,0.000690116,63.39,0.025029167
1/13/2006,1000325,0.002276579,63.73,0.002323167
1/20/2006,1004201,0.001679527,66.81,0.020497553
1/27/2006,1006053,0.000800211,67.01,0.001298146
2/3/2006,1008844,0.001203155,66.58,-0.002795827
2/10/2006,1013007,0.001788431,63.04,-0.023727586
2/17/2006,1010956,-0.000880192,59.36,-0.026122312
2/24/2006,1007006,-0.001700196,61.39,0.014603741
3/3/2006,1008137,0.000487496,62.28,0.006250971
3/10/2006,1005099,-0.001310713,60.89,-0.00980263
3/17/2006,999605,-0.002380421,62.68,0.012583014
3/24/2006,996303,-0.001436982,62.19,-0.003408431
3/31/2006,991682,-0.002019008,66.09,0.026415195
4/7/2006,988906,-0.001217419,67.07,0.006392554
4/14/2006,983056,-0.002576754,68.92,0.011816962
4/21/2006,985856,0.001235226,72.21,0.020252076
4/28/2006,988051,0.000965878,72.2,-6.01474E-05
5/5/2006,993516,0.002395504,72.14,-0.00036106
5/12/2006,995307,0.000782193,71.59,-0.003323776
5/19/2006,998914,0.001571041,69.12,-0.015248633
5/26/2006,1007034,0.003516034,70.71,0.009877108
6/2/2006,1013521,0.002788618,71.5,0.004825205
6/9/2006,1020183,0.002845331,71.58,0.000485652
6/16/2006,1028031,0.003328129,69.49,-0.012869382
6/23/2006,1028588,0.000235242,69.99,0.003113682
6/30/2006,1028856,0.000113141,72.67,0.016319167
7/7/2006,1027014,-0.000778231,74.81,0.012604495
7/14/2006,1033657,0.002800086,75.29,0.002777642
7/21/2006,1036182,0.001059594,73.8,-0.008680935
7/28/2006,1041323,0.002149417,74.1,0.001761846
8/4/2006,1039279,-0.000853309,75.07,0.005648208
8/11/2006,1040437,0.000483636,75.6,0.00305538
8/18/2006,1044701,0.001776222,71.93,-0.021611735
8/25/2006,1048712,0.001664227,72.34,0.002468444
9/1/2006,1050565,0.000766691,69.96,-0.014528704
9/8/2006,1055009,0.001833236,67.42,-0.016061053
9/15/2006,1059272,0.001751328,63.98,-0.022744512
9/22/2006,1068431,0.003738988,61.61,-0.016393027
9/29/2006,1072459,0.001634218,62.22,0.004278798
10/6/2006,1072703,9.87971E-05,59.78,-0.017374096
10/13/2006,1066918,-0.002348453,58.5,-0.009400045
10/20/2006,1055574,-0.004642358,58.37,-0.000966173
10/27/2006,1052230,-0.001378005,60.13,0.012901511
11/3/2006,1045456,-0.00280492,58.56,-0.011490136
11/10/2006,1036437,-0.003762851,59.91,0.009898252
11/17/2006,1040312,0.0016207,57.54,-0.017529462
11/24/2006,1032765,-0.003162097,59.4,0.013816587
12/1/2006,1028395,-0.001841555,62.07,0.0190953
12/8/2006,1020926,-0.003165692,62.32,0.001745699
12/15/2006,1012996,-0.003386534,61.91,-0.002866641
12/22/2006,1005628,-0.003170373,62.83,0.006406256
12/29/2006,1007428,0.00077666,60.76,-0.014549295
1/5/2007,1014066,0.002852204,56.74,-0.029728434
1/12/2007,1023121,0.003860777,54.12,-0.020531544
1/19/2007,1024581,0.000619299,51.48,-0.02171925
1/26/2007,1024884,0.000128415,54.24,0.022681143
2/2/2007,1014388,-0.00447061,57.09,0.022240362
2/9/2007,1003096,-0.004861604,58.99,0.014218353
2/16/2007,992035,-0.004815504,58.45,-0.003993881
2/23/2007,983158,-0.003903677,60.06,0.011800812
3/2/2007,967267,-0.007076946,61.66,0.011418193
3/9/2007,964702,-0.001153192,60.85,-0.005742938
3/16/2007,961792,-0.001312019,57.93,-0.021357054
3/23/2007,962188,0.000178776,59.38,0.010736665
3/30/2007,964836,0.001193563,64.36,0.034975842
4/6/2007,964749,-3.91624E-05,64.81,0.003025986
4/13/2007,964973,0.000100825,62.58,-0.015206463
4/20/2007,964854,-5.35603E-05,63.01,0.002973921
4/27/2007,965015,7.24623E-05,65.57,0.017295704
5/4/2007,971286,0.002813065,63.78,-0.012020669
5/11/2007,978207,0.003083637,61.89,-0.013064032
5/18/2007,984585,0.002822449,63.6,0.011836633
5/25/2007,986323,0.000765945,65.28,0.01132303
6/1/2007,990094,0.001657268,63.93,-0.009075441
6/8/2007,990761,0.000292474,65.89,0.013114803
6/15/2007,1000643,0.004310259,66.65,0.004980646
6/22/2007,1001205,0.000243848,68.83,0.013977616
6/29/2007,1009446,0.003560082,69.23,0.002516562
7/6/2007,1011887,0.001048925,71.78,0.015709122
7/13/2007,1013136,0.000535731,72.8,0.006127925
7/20/2007,1017876,0.002027127,74.94,0.012582309
7/27/2007,1017134,-0.000316703,75.26,0.001850525
8/3/2007,1017012,-5.20945E-05,76.78,0.008683894
8/10/2007,1012505,-0.001928901,71.94,-0.028277674
8/17/2007,1013016,0.000219128,72.06,0.000723824
8/24/2007,1010856,-0.000927012,70.15,-0.011666582
8/31/2007,1005439,-0.002333566,72.92,0.016818985
9/7/2007,1002077,-0.001454633,75.95,0.017681118
9/14/2007,999213,-0.001243018,78.96,0.016879361
9/21/2007,1003397,0.001814723,81.79,0.015293069
9/28/2007,1004348,0.000411421,81.06,-0.003893609
10/5/2007,1003829,-0.000224481,80.58,-0.002579336
10/12/2007,1006364,0.001095355,81.47,0.004770453
10/19/2007,998518,-0.003399194,87.84,0.032694611
10/26/2007,997433,-0.000472165,88.45,0.00300551
11/2/2007,996387,-0.00045568,93.57,0.024438792
11/9/2007,997031,0.000280609,95.77,0.010092858
11/16/2007,990153,-0.003006354,93.68,-0.009582605
11/23/2007,988370,-0.000782753,97.04,0.015303906
11/30/2007,984579,-0.001668986,92.49,-0.020856008
12/7/2007,983033,-0.000682471,88.73,-0.018024298
12/14/2007,974682,-0.003705151,91.16,0.011733835
12/21/2007,964224,-0.004685009,91.35,0.000904235
12/28/2007,956865,-0.003327268,95.68,0.020112615
1/4/2008,949024,-0.003573474,98.17,0.011157624
1/11/2008,952637,0.00165025,94.7,-0.015628812
1/18/2008,954789,0.000979962,91.53,-0.014786517
1/25/2008,953837,-0.000433242,89.24,-0.011003901
2/1/2008,963194,0.004239604,91.13,0.009101809
2/8/2008,963970,0.00034975,89.09,-0.009832411
2/15/2008,960263,-0.001673323,94.12,0.02385296
2/22/2008,962921,0.001200463,99.45,0.023922869
2/29/2008,958463,-0.002015306,100.84,0.00602805
3/7/2008,965271,0.003073906,103.42,0.010971696
3/14/2008,962360,-0.001311695,109.42,0.024492177
3/21/2008,955827,-0.002958269,105.36,-0.016420948
3/28/2008,957327,0.000681014,104.24,-0.004641359
4/4/2008,948665,-0.00394743,103.49,-0.003136016
4/11/2008,940660,-0.003680201,109.74,0.025466569
4/18/2008,941448,0.00036366,114.41,0.01809903
4/25/2008,950280,0.004055252,117.95,0.01323396
5/2/2008,955771,0.00250226,115.34,-0.009717998
5/9/2008,960812,0.002284569,123,0.027925164
5/16/2008,960394,-0.00018898,124.93,0.006761629
5/23/2008,950651,-0.004428329,130.46,0.018810634
5/30/2008,950913,0.000119675,128.46,-0.006709457
6/6/2008,951145,0.000105945,128.14,-0.001083198
6/13/2008,951737,0.000270224,134.73,0.02177959
6/20/2008,957211,0.002490727,134.37,-0.001161993
6/27/2008,959451,0.001015119,137.63,0.010410793
7/4/2008,956308,-0.001425011,142.46,0.01497983
7/11/2008,963797,0.003387781,140.04,-0.007440838
7/18/2008,965760,0.000883644,135.34,-0.01482593
7/25/2008,968297,0.001139373,126.44,-0.029541685
8/1/2008,970827,0.00113326,124.57,-0.006471023
8/8/2008,965365,-0.002450297,118.88,-0.020304668
8/15/2008,973648,0.003710427,114.45,-0.016492999
8/22/2008,975909,0.001007347,115.63,0.004454729
8/29/2008,972295,-0.001611271,116.12,0.001836502
9/5/2008,957096,-0.006842551,108.3,-0.030278571
9/12/2008,945121,-0.005468088,102.85,-0.022424161
9/19/2008,927254,-0.008288698,97.29,-0.024136093
9/26/2008,927734,0.000224758,109.63,0.051861211
10/3/2008,947407,0.009113116,96.68,-0.054592772
10/10/2008,959170,0.005358998,86.22,-0.049728623
10/17/2008,968685,0.004286988,75.21,-0.05933243
10/24/2008,975395,0.00299795,68.78,-0.038813417
10/31/2008,980551,0.002289662,65.44,-0.021618881
11/7/2008,981596,0.000462593,64.31,-0.007564781
11/14/2008,984373,0.001226913,58.64,-0.040084548
11/21/2008,994066,0.004255527,52.5,-0.048034658
11/28/2008,993680,-0.000168671,53.54,0.008519063
12/5/2008,1000303,0.002885023,45.5,-0.07066697
12/12/2008,997569,-0.001188627,44.71,-0.007606727
12/19/2008,995980,-0.000692327,39.65,-0.052161478
12/26/2008,991842,-0.001808123,37.99,-0.018573898
1/2/2009,998875,0.003068649,42.5,0.048719636
1/9/2009,1007165,0.003589482,44.51,0.020068664
1/16/2009,1018956,0.005054806,36.91,-0.081313549
1/23/2009,1022490,0.001503638,43.11,0.067433978
1/30/2009,1023913,0.000603988,42.52,-0.005984767
2/6/2009,1026413,0.001059087,40.5,-0.021138233
2/13/2009,1020225,-0.002626182,36.91,-0.040310978
2/20/2009,1017280,-0.001255455,36.99,0.000940286
2/27/2009,1018313,0.000440782,42.18,0.057022244
3/6/2009,1020705,0.001018954,43.26,0.01097994
3/13/2009,1023756,0.001296218,45.68,0.02363958
3/20/2009,1026592,0.001201416,49.46,0.034528017
3/27/2009,1033007,0.002705389,53.45,0.033693598
4/3/2009,1035682,0.001123164,50.32,-0.026207077
4/10/2009,1043847,0.003410419,50.46,0.001206614
4/17/2009,1055185,0.004691761,49.8,-0.005717903
4/24/2009,1060609,0.002226699,48.48,-0.011666732
5/1/2009,1068948,0.003401271,51.07,0.022603247
5/8/2009,1067702,-0.000506523,56,0.040022169
5/15/2009,1066938,-0.000310873,58.07,0.015763799
5/22/2009,1069141,0.000895801,60.69,0.019165311
5/29/2009,1084218,0.006081629,64.32,0.025228898
6/5/2009,1082490,-0.00069272,68.1,0.024801076
6/12/2009,1080943,-0.0006211,70.83,0.01707013
6/19/2009,1086257,0.002129795,70.61,-0.00135103
6/26/2009,1090644,0.001750426,68.85,-0.010962267
7/3/2009,1095977,0.002118426,69.36,0.00320514
7/10/2009,1097480,0.000595174,61.48,-0.052375226
7/17/2009,1099337,0.000734231,61.27,-0.001485978
7/24/2009,1104921,0.002200383,65.86,0.031373846
7/31/2009,1102163,-0.0010854,67.07,0.00790658
8/7/2009,1103509,0.000530052,71.57,0.028202711
8/14/2009,1090712,-0.005065788,69.65,-0.011809896
8/21/2009,1087571,-0.001252473,70.96,0.008092486
8/28/2009,1083109,-0.001785454,72.62,0.010042638
9/4/2009,1078090,-0.002017147,68.41,-0.025936654
9/11/2009,1074817,-0.001320491,70.91,0.015587895
9/18/2009,1082867,0.003240592,71.36,0.002747356
9/25/2009,1087478,0.001845361,68.43,-0.018208301
10/2/2009,1091072,0.001432931,68.99,0.003539605
10/9/2009,1085270,-0.002315613,70.86,0.011615003
10/16/2009,1081130,-0.001659879,75.74,0.028924153
10/23/2009,1079524,-0.000645617,80.35,0.02566058
10/30/2009,1071131,-0.003389713,78.51,-0.010060904
11/6/2009,1072101,0.000393113,79.04,0.002921954
11/13/2009,1067941,-0.001688441,78.21,-0.004584646
11/20/2009,1067066,-0.000355978,78.36,0.000832141
11/27/2009,1072485,0.002199945,76.9,-0.008168088
12/4/2009,1068230,-0.001726456,76.84,-0.000338984
12/11/2009,1055550,-0.00518596,71.53,-0.031099131
12/18/2009,1041406,-0.005858735,71.77,0.001454721
12/25/2009,1033280,-0.003402052,75.4,0.0214284
1/1/2010,1028319,-0.002090163,79.07,0.020640393
1/8/2010,1031862,0.001493759,82.37,0.017757327
1/15/2010,1030282,-0.000665507,80.07,-0.012299237
1/22/2010,1024548,-0.002423802,76.82,-0.017995526
1/29/2010,1025319,0.000326695,74.03,-0.016066553
2/5/2010,1027082,0.000746113,74.59,0.003272858
2/12/2010,1024665,-0.001023216,73.91,-0.003977405
2/19/2010,1026108,0.000611172,78.3,0.02505856
2/26/2010,1025758,-0.000148161,79.37,0.005894618
3/5/2010,1020480,-0.002240415,80.19,0.004463833
3/12/2010,1018037,-0.001040935,81.76,0.008420669
3/19/2010,1018388,0.000149711,81.46,-0.001596477
3/26/2010,1021594,0.00136506,80.86,-0.003210669
4/2/2010,1028921,0.003103698,83.29,0.012859125
4/9/2010,1028636,-0.000120312,85.93,0.01355195
4/16/2010,1039380,0.004512636,84.6,-0.006774449
4/23/2010,1052273,0.005354071,83.48,-0.005787923
4/30/2010,1062064,0.004022261,84.24,0.003935918
5/7/2010,1065461,0.001386869,80.22,-0.021235701
5/14/2010,1066661,0.000488859,74.97,-0.029395147
5/21/2010,1072495,0.00236886,69.48,-0.033027701
5/28/2010,1070231,-0.00091775,71.8,0.014264634
6/4/2010,1069938,-0.000118914,72.89,0.006543506
6/11/2010,1074374,0.001796878,73.41,0.003087274
6/18/2010,1077053,0.001081585,76.74,0.019266571
6/25/2010,1080628,0.001439142,77.35,0.003438523
7/2/2010,1080907,0.000112113,74.98,-0.013514882
7/9/2010,1084093,0.001278211,74.4,-0.003372501
7/16/2010,1089222,0.002049864,76.35,0.011236106
7/23/2010,1098220,0.003572944,77.76,0.007947211
7/30/2010,1104322,0.002406376,78.16,0.002228299
8/6/2010,1104448,4.95489E-05,81.81,0.019821842
8/13/2010,1109785,0.002093577,78.18,-0.019710727
8/20/2010,1118706,0.003477117,74.86,-0.018845843
8/27/2010,1122743,0.001564389,73.16,-0.009976126
9/3/2010,1123024,0.000108682,74.03,0.005134053
9/10/2010,1120106,-0.001129914,74.87,0.004900084
9/17/2010,1123403,0.001276456,75.65,0.004501099
9/24/2010,1118289,-0.001981526,74.95,-0.004037295
10/1/2010,1118129,-6.21414E-05,78.42,0.019655201
10/8/2010,1113455,-0.001819242,82.37,0.021342228
10/15/2010,1111433,-0.000789382,82.06,-0.001637553
10/22/2010,1112019,0.00022892,81.32,-0.003934143
10/29/2010,1106559,-0.002137633,82.12,0.004251571
11/5/2010,1094474,-0.004769126,84.98,0.014867786
11/12/2010,1085370,-0.003627636,86.86,0.009503098
11/19/2010,1085113,-0.000102847,82.2,-0.023948007
11/26/2010,1085070,-1.72102E-05,82.65,0.00237104
12/3/2010,1079441,-0.002258847,86.76,0.021076685
12/10/2010,1063806,-0.006336474,88.5,0.008623727
12/17/2010,1057803,-0.002457641,88.25,-0.001228557
12/24/2010,1048644,-0.003776718,90.16,0.009299189
12/31/2010,1042318,-0.002627839,90.97,0.003884292
1/7/2011,1043022,0.000293231,89.53,-0.00692961
1/14/2011,1045386,0.000983211,91.03,0.007215958
1/21/2011,1047782,0.000994254,90.05,-0.004700826
1/28/2011,1053321,0.002289809,87.27,-0.013618741
2/4/2011,1056430,0.001279983,90.68,0.016646535
2/11/2011,1048045,-0.003460795,86.69,-0.019542509
2/18/2011,1035959,-0.005037363,85.34,-0.006816364
2/25/2011,1029430,-0.002745747,96.71,0.054318745
3/4/2011,1023018,-0.002713545,101.03,0.01897897
3/11/2011,1017896,-0.002179867,103.74,0.011495891
3/18/2011,1016998,-0.000383309,99.77,-0.016946271
3/25/2011,1020327,0.00141928,104.62,0.020614743
4/1/2011,1020233,-4.00122E-05,105.54,0.003802374
4/8/2011,1015282,-0.00211268,109.75,0.016987439
4/15/2011,1008543,-0.002892267,108.21,-0.006137132
4/22/2011,1011452,0.001250858,109.75,0.006137132
4/29/2011,1018973,0.003217399,112.81,0.01194307
5/6/2011,1025247,0.002665831,106.16,-0.026386689
5/13/2011,1025181,-2.79585E-05,100.65,-0.023147131
5/20/2011,1031942,0.00285474,98.46,-0.009553948
5/27/2011,1039179,0.003035073,99.89,0.006262182
6/3/2011,1040870,0.00070613,100.9,0.004369153
6/10/2011,1040248,-0.000259602,100.01,-0.003847739
6/17/2011,1043343,0.001290217,95.89,-0.018270109
6/24/2011,1043020,-0.00013447,92.85,-0.013991411
7/1/2011,1043513,0.000205228,93.73,0.004096709
7/8/2011,1047827,0.001791721,97.1,0.015340613
7/15/2011,1051625,0.001571317,96.71,-0.001747847
7/22/2011,1063055,0.004694833,98.11,0.006241892
7/29/2011,1065611,0.00104296,97.87,-0.001063687
8/5/2011,1057473,-0.003329407,90.82,-0.032468091
8/12/2011,1062019,0.001862999,82.92,-0.039522204
8/19/2011,1065994,0.001622474,85.35,0.012544232
8/26/2011,1070340,0.001766996,85.08,-0.001376044
9/2/2011,1066011,-0.00176007,88.07,0.015000515
9/9/2011,1061390,-0.001886695,87.91,-0.000789716
9/16/2011,1056138,-0.002154323,88.93,0.005010012
9/23/2011,1057250,0.000457025,83.77,-0.025959777
9/30/2011,1052618,-0.001906902,81.45,-0.012197427
10/7/2011,1051107,-0.000623864,79.71,-0.00937828
10/14/2011,1040185,-0.004536342,85.56,0.030757967
10/21/2011,1040885,0.000292163,86.71,0.00579841
10/28/2011,1042691,0.000752875,92.38,0.027508772
11/4/2011,1027130,-0.006530211,93.24,0.004024307
11/11/2011,1018429,-0.003694657,96.97,0.017035131
11/18/2011,1014530,-0.001665864,99.27,0.010180626
11/25/2011,1022191,0.003267159,96.97,-0.010180626
12/2/2011,1031522,0.003946442,99.9,0.012928093
12/9/2011,1033526,0.000842912,100.1,0.000868589
12/16/2011,1015357,-0.007702639,96.05,-0.017936708
12/23/2011,1018458,0.001324357,97.8,0.007841486
12/30/2011,1021859,0.00144785,99.8,0.008791686
1/6/2012,1028164,0.002671419,102.39,0.011127002
1/13/2012,1026101,-0.000872283,100.44,-0.008350839
1/20/2012,1021826,-0.001813162,100.04,-0.001733021
1/27/2012,1029880,0.003409675,99.44,-0.002612567
2/3/2012,1034037,0.001749455,97.81,-0.007177857
2/10/2012,1030067,-0.001670605,98.51,0.00309706
2/17/2012,1033319,0.001368941,101.8,0.014267459
2/24/2012,1033857,0.000226058,107.43,0.023377798
3/2/2012,1032456,-0.00058892,107.54,0.000444456
3/9/2012,1028013,-0.001872946,106.31,-0.004995914
3/16/2012,1029557,0.000651789,106.13,-0.000735954
3/23/2012,1035877,0.002657795,106.64,0.002081972
3/30/2012,1048243,0.005153781,105.11,-0.0062761
4/6/2012,1044090,-0.001724035,103.51,-0.006661728
4/13/2012,1041865,-0.000926487,102.53,-0.004131351
4/20/2012,1041846,-7.9201E-06,103.02,0.002070588
4/27/2012,1043752,0.000793792,104.05,0.004320539
5/4/2012,1046923,0.00131742,103.46,-0.00246961
5/11/2012,1049795,0.001189759,96.99,-0.028045515
5/18/2012,1050852,0.000437055,93.12,-0.017683992
5/25/2012,1056348,0.002265459,91.13,-0.009381597
6/1/2012,1061481,0.002105211,87.09,-0.01969308
6/8/2012,1062637,0.000472709,84.44,-0.013420066
6/15/2012,1073718,0.0045053,83.32,-0.005798963
6/22/2012,1076315,0.001049159,81.41,-0.010071507
6/29/2012,1072240,-0.001647388,80.29,-0.006016297
7/6/2012,1075035,0.001130599,85.77,0.028673952
7/13/2012,1076465,0.00057731,85.78,5.06318E-05
7/20/2012,1086595,0.004067788,90.32,0.022397887
7/27/2012,1079372,-0.002896554,89.03,-0.006247556
8/3/2012,1078282,-0.000438792,89.06,0.000146317
8/10/2012,1073700,-0.001849402,93.09,0.01922034
8/17/2012,1070695,-0.001217179,94.42,0.006160966
8/24/2012,1075357,0.001886892,96.47,0.009328282
8/31/2012,1065745,-0.003899363,95.68,-0.003571112
9/7/2012,1068515,0.001127319,95.65,-0.000136192
9/14/2012,1079917,0.004609755,97.61,0.008809338
9/21/2012,1077250,-0.001073875,93.73,-0.017615696
9/28/2012,1074819,-0.000981168,91.46,-0.01064742
10/5/2012,1070293,-0.00183265,90.82,-0.003049699
10/12/2012,1067619,-0.001086391,91.38,0.002669656
10/19/2012,1071589,0.001611953,91.64,0.001233927
10/26/2012,1071486,-4.17459E-05,86.69,-0.024116078
11/2/2012,1071985,0.000202207,85.88,-0.004076967
11/9/2012,1067257,-0.001919696,85.99,0.000555913
11/16/2012,1061047,-0.00253439,85.88,-0.000555913
11/23/2012,1059620,-0.000584475,87.92,0.010195644
11/30/2012,1065552,0.002424502,87.68,-0.001187138
12/7/2012,1070765,0.002119518,87.53,-0.000743613
12/14/2012,1068820,-0.000789595,86.15,-0.006901647
12/21/2012,1071822,0.001218095,88.69,0.012619373
12/28/2012,1061799,-0.004080355,90.32,0.007909274
1/4/2013,1072323,0.004283309,92.74,0.011483163
1/11/2013,1075759,0.001389367,93.36,0.002893751
1/18/2013,1073122,-0.00106589,94.54,0.005454755
1/25/2013,1075095,0.000797744,95.83,0.00588589
2/1/2013,1074891,-8.24155E-05,97.44,0.007235787
2/8/2013,1067528,-0.002985152,96.2,-0.005562203
2/15/2013,1066279,-0.000508419,96.94,0.003327943
2/22/2013,1060384,-0.00240769,94.27,-0.012129508
3/1/2013,1057861,-0.00103456,92.25,-0.009407132
3/8/2013,1052279,-0.002297703,90.98,-0.006020442
3/15/2013,1050823,-0.000601334,92.72,0.00822749
3/22/2013,1048912,-0.000790516,93,0.001309526
3/29/2013,1048801,-4.59612E-05,96.24,0.014872666
4/5/2013,1054287,0.002265759,94.93,-0.005952133
4/12/2013,1056915,0.00108121,93.4,-0.007056605
4/19/2013,1054975,-0.000797893,87.97,-0.026012284
4/26/2013,1067330,0.005056548,91.2,0.015660246
5/3/2013,1070941,0.001466829,93.72,0.011837442
5/10/2013,1073593,0.001074126,96.17,0.011207336
5/17/2013,1077821,0.00170697,94.97,-0.005453178
5/24/2013,1087570,0.003910578,95.11,0.000639744
5/31/2013,1086394,-0.000469861,93.43,-0.007739833
6/7/2013,1099306,0.00513124,94.26,0.003841087
6/14/2013,1106068,0.002663229,96.31,0.009343947
6/21/2013,1115384,0.003642583,96.71,0.0018
6/28/2013,1100719,-0.005747947,95.92,-0.003562213
7/5/2013,1093620,-0.002810019,100.51,0.020300103
7/12/2013,1093410,-8.34025E-05,104.81,0.018193448
7/19/2013,1091128,-0.000907341,106.98,0.008899873
7/26/2013,1092744,0.00064273,105.94,-0.004242625
8/2/2013,1093386,0.000255078,105.5,-0.001807509
8/9/2013,1091531,-0.000737434,105.12,-0.001567107
8/16/2013,1088711,-0.001123463,106.92,0.007373598
8/23/2013,1090878,0.000863572,105.47,-0.005930004
8/30/2013,1092643,0.000702104,108.3,0.011499511
9/6/2013,1096331,0.001463407,108.67,0.00148121
9/13/2013,1090254,-0.002414006,108.26,-0.001641644
9/20/2013,1091735,0.000589545,106.23,-0.008220841
9/27/2013,1096767,0.001997141,103.06,-0.013157043
10/4/2013,1098421,0.000654453,103.12,0.000252766
10/11/2013,1098310,-4.38895E-05,102.63,-0.002068575
10/18/2013,1102009,0.001460204,101.48,-0.00489387
10/25/2013,1096218,-0.002288212,97.77,-0.016174843
11/1/2013,1087433,-0.003494421,96.93,-0.003747402
11/8/2013,1081508,-0.002372772,94.32,-0.011854421
11/15/2013,1069774,-0.004737698,93.93,-0.00179947
11/22/2013,1068135,-0.000665893,94,0.000323531
11/29/2013,1061048,-0.002891115,93.2,-0.003711941
12/6/2013,1055906,-0.002109773,96.42,0.014751215
12/13/2013,1043309,-0.005212304,97.48,0.004748393
12/20/2013,1030603,-0.005321551,98.12,0.002842019
12/27/2013,1023985,-0.002797807,99.5,0.006065541
1/3/2014,1025775,0.000758515,96.78,-0.012037463
1/10/2014,1015515,-0.004365768,92.76,-0.018424878
1/17/2014,1011556,-0.001696412,93.38,0.00289313
1/24/2014,1007787,-0.001621179,96.42,0.013913258
1/31/2014,1002474,-0.002295634,97.24,0.003677823
2/7/2014,1004308,0.000793805,97.74,0.002227385
2/14/2014,1001808,-0.001082427,100.2,0.010795387
2/21/2014,1001310,-0.000215942,102.72,0.010787289
2/28/2014,1003492,0.000945361,102.45,-0.001143048
3/7/2014,1001623,-0.000809626,102.77,0.001354394
3/14/2014,1001111,-0.000222055,99.25,-0.015135841
3/21/2014,1006569,0.002361318,99.41,0.000699558
3/28/2014,1005298,-0.000548732,100.4,0.004303639
4/4/2014,1010677,0.002317564,100.47,0.000302689
4/11/2014,1025138,0.00616995,102.75,0.009745428
4/18/2014,1037160,0.005063427,103.97,0.005126213
4/25/2014,1045072,0.003300453,102.1,-0.007882302
5/2/2014,1052492,0.003072591,100.21,-0.00811468
5/9/2014,1055940,0.001420438,100,-0.000911062
5/16/2014,1058017,0.000853404,101.64,0.007064656
5/23/2014,1061212,0.001309506,103.44,0.007623855
5/30/2014,1070007,0.003584467,103.28,-0.000672283
6/6/2014,1076058,0.002449062,102.58,-0.002953535
6/13/2014,1082101,0.002432118,105.32,0.011448156
6/20/2014,1087274,0.002071204,106.58,0.005164865
6/27/2014,1086834,-0.000175787,106.06,-0.002124093
7/4/2014,1091366,0.001807204,104.81,-0.005148902
7/11/2014,1092592,0.000487596,102.6,-0.00925536
7/18/2014,1097829,0.002076683,101.68,-0.003911823
7/25/2014,1097336,-0.000195072,103.26,0.006696583
8/1/2014,1089228,-0.00322083,99.79,-0.014845098
8/8/2014,1090747,0.00060523,97.52,-0.00999333
8/15/2014,1090065,-0.000271632,97.19,-0.00147211
8/22/2014,1091487,0.000566172,94.91,-0.010309609
8/29/2014,1092964,0.00058729,94.32,-0.002708181
9/5/2014,1102718,0.003858606,94.04,-0.001291172
9/12/2014,1107620,0.001926325,92.44,-0.007452684
9/19/2014,1108544,0.000362147,93.54,0.005137429
9/26/2014,1102727,-0.002284927,92.39,-0.005372398
10/3/2014,1106434,0.001457505,91.44,-0.00448875
10/10/2014,1107479,0.000409987,87.62,-0.018532969
10/17/2014,1111871,0.001718903,82.96,-0.023734505
10/24/2014,1103401,-0.00332103,81.83,-0.005956192
10/31/2014,1100972,-0.000957099,81.26,-0.003035733
11/7/2014,1094691,-0.002484727,78.24,-0.016447976
11/14/2014,1094727,1.4282E-05,76.51,-0.00971064
11/21/2014,1090051,-0.001859012,75.38,-0.006462069
11/28/2014,1088914,-0.000453236,72.43,-0.017337648
12/5/2014,1096205,0.002898197,67.18,-0.032678486
12/12/2014,1097390,0.00046922,61.11,-0.041127716
12/19/2014,1103824,0.002538834,55.79,-0.039555922
12/26/2014,1106648,0.001109671,55.74,-0.000389397
1/2/2015,1111801,0.002017557,53.42,-0.018463081
1/9/2015,1121784,0.003882181,48.75,-0.039729264
1/16/2015,1123888,0.000813793,47.08,-0.015138166
1/23/2015,1125856,0.000759812,46.52,-0.005196748
1/30/2015,1138099,0.004697195,45.72,-0.007533484
2/6/2015,1139763,0.000634513,50.65,0.044473228
2/13/2015,1138901,-0.00032858,51.14,0.004181274
2/20/2015,1141121,0.000845723,51.79,0.005485187
2/27/2015,1143418,0.000873327,49.53,-0.019377583
3/6/2015,1146528,0.001179641,50.4,0.007562208
3/13/2015,1153514,0.002638205,47.67,-0.024185385
3/20/2015,1163991,0.003926753,44.34,-0.031449463
3/27/2015,1167195,0.001193796,48.89,0.042424348
4/3/2015,1182063,0.005497205,48.88,-8.884E-05
4/10/2015,1189307,0.002653351,51.79,0.025114714
4/17/2015,1198453,0.003327032,54.81,0.024613891
4/24/2015,1205988,0.00272198,56.54,0.013496002
5/1/2015,1212201,0.002231651,58.28,0.013163739
5/8/2015,1206646,-0.00199476,59.72,0.010600256
5/15/2015,1204157,-0.000896763,60.01,0.002103828
5/22/2015,1206389,0.000804254,59.22,-0.005755224
5/29/2015,1213817,0.002665847,58.38,-0.006204312
6/5/2015,1213870,1.89626E-05,59.65,0.009346357
6/12/2015,1216610,0.000979204,60.09,0.003191756
6/19/2015,1210028,-0.002355962,59.89,-0.001447891
6/26/2015,1220363,0.003693612,60.06,0.001231015
7/3/2015,1230939,0.0037475,57.92,-0.015756775
7/10/2015,1233897,0.001042377,52.41,-0.043414393
7/17/2015,1236879,0.001048308,51.69,-0.006007628
7/24/2015,1237005,4.4239E-05,49.26,-0.020912125
7/31/2015,1236992,-4.56414E-06,47.96,-0.011615233
8/7/2015,1243009,0.002107382,44.92,-0.028439427
8/14/2015,1243962,0.000332841,43.21,-0.016855481
8/21/2015,1246907,0.001026949,41.38,-0.01879378
8/28/2015,1252526,0.001952687,40.79,-0.006236781
9/4/2015,1255803,0.001134766,46.73,0.059042076
9/11/2015,1264248,0.002910759,45.16,-0.014841848
9/18/2015,1261218,-0.001042115,45.46,0.002875498
9/25/2015,1264708,0.001200105,45.52,0.000572822
10/2/2015,1267240,0.000868607,45.01,-0.00489324
10/9/2015,1270600,0.001149978,48.33,0.030907782
10/16/2015,1272064,0.000500111,46.74,-0.014528087
10/23/2015,1268660,-0.001163715,45.32,-0.013398807
10/30/2015,1266757,-0.000651934,45.15,-0.001632147
11/6/2015,1269121,0.000809718,45.97,0.007816749
11/13/2015,1269361,8.21205E-05,42.64,-0.032657308
11/20/2015,1271706,0.000801569,40.82,-0.018944196
11/27/2015,1273841,0.000728503,42.34,0.015877853
12/4/2015,1270276,-0.00121713,40.9,-0.015027546
12/11/2015,1275094,0.001644109,36.94,-0.044226417
12/18/2015,1269935,-0.001760709,35.77,-0.013977951
12/25/2015,1269773,-5.54046E-05,36.62,0.0101994
1/1/2016,1278051,0.002822096,37.08,0.005421386
1/8/2016,1288078,0.003393978,34.63,-0.029687234
1/15/2016,1294608,0.002196124,30.59,-0.053873015
1/22/2016,1293511,-0.00036816,29.18,-0.020494189
1/29/2016,1303094,0.003205619,32.19,0.042635689
2/5/2016,1303518,0.000141288,31.28,-0.012454232
2/12/2016,1307078,0.001184472,28.15,-0.045788345
2/19/2016,1302018,-0.001684517,30.03,0.028076933
2/26/2016,1312140,0.003363187,32.27,0.031243633
3/4/2016,1311750,-0.000129102,34.66,0.031029593
3/11/2016,1313377,0.000538334,37.81,0.037778119
3/18/2016,1320209,0.002253282,38.32,0.005818823
3/25/2016,1321574,0.000448797,40.15,0.020260049
4/1/2016,1322018,0.000145882,38.22,-0.021394867
4/8/2016,1328711,0.002193162,37.26,-0.011047832
4/15/2016,1328303,-0.000133377,41.23,0.043970484
4/22/2016,1333690,0.001757741,42.08,0.008862396
4/29/2016,1335850,0.0007028,44.79,0.027105331
5/6/2016,1334025,-0.000593726,44.24,-0.005365944
5/13/2016,1333253,-0.000251399,45.45,0.011718769
5/20/2016,1332379,-0.000284791,48.03,0.023978699
5/27/2016,1329747,-0.00085876,49.01,0.008772116
6/3/2016,1334079,0.001412529,48.91,-0.00088704
6/10/2016,1333636,-0.000144238,50.18,0.011132994
6/17/2016,1339096,0.001774402,47.91,-0.020104486
6/24/2016,1337933,-0.000377347,49.02,0.009947136
7/1/2016,1341271,0.001082169,48.28,-0.006606045
7/8/2016,1348469,0.002324432,46.15,-0.019595556
7/15/2016,1351173,0.000869991,45.59,-0.005302113
7/22/2016,1354090,0.000936573,44.75,-0.008076553
7/29/2016,1356301,0.000708551,42.14,-0.026098508
8/5/2016,1359005,0.000864973,40.83,-0.013715151
8/12/2016,1360648,0.000524733,43.1,0.02349789
8/19/2016,1367347,0.002132954,47.17,0.039188606
8/26/2016,1371845,0.001426303,47.38,0.00192918
9/2/2016,1357983,-0.004410711,45.13,-0.021129723
9/9/2016,1363947,0.001903162,45.96,0.007914686
9/16/2016,1357880,-0.001936103,44.34,-0.015584331
9/23/2016,1357504,-0.000120274,44.58,0.002344375
9/30/2016,1315693,-0.013586554,46.74,0.020548644
10/7/2016,1341228,0.008348047,49.52,0.025091928
10/14/2016,1337407,-0.001239019,50.44,0.007994442
10/21/2016,1328257,-0.002981479,50.62,0.001547063
10/28/2016,1337021,0.002856115,49.62,-0.008665381
11/4/2016,1330107,-0.00225165,45.52,-0.037454507
11/11/2016,1337000,0.002244828,44.95,-0.005472557
11/18/2016,1336700,-9.74592E-05,45.16,0.002024237
11/25/2016,1336758,1.88438E-05,47.83,0.024946448
12/2/2016,1338118,0.000441621,48.9,0.009608478
12/9/2016,1336002,-0.000687304,50.97,0.018005774
12/16/2016,1324122,-0.003879107,51.93,0.008103689
12/23/2016,1311033,-0.004314378,52.56,0.005237034
12/30/2016,1317260,0.002057881,53.86,0.010610993
1/6/2017,1330891,0.004470984,53.34,-0.004213338
1/13/2017,1329108,-0.000582216,52.08,-0.010382036
1/20/2017,1338069,0.002918237,51.84,-0.002005983
1/27/2017,1343633,0.001802152,53.13,0.010674823
2/3/2017,1345340,0.000551393,53.34,0.001713195
2/10/2017,1356807,0.003686021,52.88,-0.003761565
2/17/2017,1346060,-0.003453657,53.2,0.002620186
2/24/2017,1346694,0.000204506,54.02,0.006642948
3/3/2017,1344454,-0.000722978,53.57,-0.003632933
3/10/2017,1336547,-0.002561712,50.88,-0.022374544
3/17/2017,1337877,0.000431952,48.5,-0.020805364
3/24/2017,1333887,-0.001297148,47.85,-0.005859796
3/31/2017,1334977,0.000354743,49.31,0.01305306
4/7/2017,1330350,-0.001507869,51.27,0.016928315
4/14/2017,1328548,-0.000588664,53.19,0.015966673
4/21/2017,1335003,0.002104992,51.08,-0.017579102
4/28/2017,1336032,0.000334619,49.34,-0.015051743
5/5/2017,1332286,-0.001219396,47.21,-0.019165145
5/12/2017,1336544,0.001385796,47.06,-0.001382078
5/19/2017,1333099,-0.001120858,49.25,0.019754312
5/26/2017,1327954,-0.001679371,50.45,0.010454936
6/2/2017,1343664,0.00510765,48.5,-0.017119432
6/9/2017,1350468,0.002193616,46.56,-0.017728767
6/16/2017,1348545,-0.000618855,45.29,-0.012010651
6/23/2017,1349383,0.000269791,43.14,-0.02112218
6/30/2017,1335894,-0.004363235,44.67,0.015135812
7/7/2017,1332087,-0.001239409,45.49,0.007899984
7/14/2017,1321814,-0.003362243,45.51,0.000190899
7/21/2017,1312666,-0.003016111,46.42,0.008598301
7/28/2017,1313557,0.000294687,48.35,0.017691342
8/4/2017,1308832,-0.001565018,49.51,0.010296448
8/11/2017,1301666,-0.002384344,49.11,-0.003522992
8/18/2017,1301666,0,47.5,-0.014476325
8/25/2017,1300534,-0.000377851,47.74,0.002188805
9/1/2017,1306989,0.002150222,46.7,-0.009565534
9/8/2017,1308786,0.000596708,48.6,0.017319389
9/15/2017,1302423,-0.002116584,49.08,0.004268285
9/22/2017,1297413,-0.001673812,50.2,0.009799163
9/29/2017,1291108,-0.002115673,51.89,0.014379954
10/6/2017,1289708,-0.000471178,50.21,-0.014293449
10/13/2017,1281177,-0.00288226,51.07,0.007375636
10/20/2017,1269180,-0.004085914,51.71,0.00540868
10/27/2017,1263539,-0.001934569,52.62,0.007576306
11/3/2017,1254436,-0.003140142,54.6,0.016041799
11/10/2017,1257144,0.000936518,57.13,0.019671581
11/17/2017,1257120,-8.29115E-06,55.9,-0.009452416
11/24/2017,1249581,-0.002612323,56.98,0.008310637
12/1/2017,1247038,-0.000884726,57.83,0.006430747
12/8/2017,1244574,-0.000858964,57.02,-0.006125979
12/15/2017,1230309,-0.005006523,57.21,0.001444735
12/22/2017,1221401,-0.00315593,57.91,0.005281617
12/29/2017,1222737,0.000474783,59.97,0.015180484
1/5/2018,1217289,-0.001939357,61.17,0.008604432
1/12/2018,1203488,-0.004951933,63.27,0.014659354
1/19/2018,1200376,-0.001124461,63.86,0.00403108
1/26/2018,1202142,0.000638467,65.04,0.007951618
2/2/2018,1206493,0.001569036,65.21,0.001133668
2/9/2018,1203593,-0.001045153,61.94,-0.022342999
2/16/2018,1195623,-0.002885392,60.42,-0.01079048
2/23/2018,1199259,0.001318725,62.32,0.013446724
3/2/2018,1199334,2.71593E-05,62.16,-0.001116439
3/9/2018,1194701,-0.001680918,61.7,-0.003225842
3/16/2018,1188077,-0.002414639,61.31,-0.002753848
3/23/2018,1186589,-0.00054427,64.16,0.019733039
3/30/2018,1182747,-0.001408463,65.01,0.005715811
4/6/2018,1188756,0.002200867,63.1,-0.012950807
4/13/2018,1178359,-0.003815099,66.04,0.019777705
4/20/2018,1179589,0.000453091,67.58,0.010011123
4/27/2018,1184955,0.001971144,68.14,0.003583942
5/4/2018,1183243,-0.000627914,68.38,0.001526967
5/11/2018,1182615,-0.000230561,70.6,0.013875605
5/18/2018,1189471,0.002510475,71.31,0.004345735
5/25/2018,1191029,0.000568478,70.96,-0.00213683
6/1/2018,1206800,0.005712965,67.13,-0.02409696
6/8/2018,1205098,-0.000612936,65.34,-0.011737517
6/15/2018,1205465,0.00013224,66.21,0.005744458
6/22/2018,1201064,-0.001588456,66.25,0.000262295
6/29/2018,1204580,0.001269498,71.79,0.034878071
7/6/2018,1197383,-0.00260256,73.79,0.011933557
7/13/2018,1203204,0.002106179,71.94,-0.011027077
7/20/2018,1193291,-0.003592902,68.96,-0.018373181
7/27/2018,1203825,0.003816993,68.8,-0.001008815
8/3/2018,1207015,0.001149309,68.8,0
8/10/2018,1224349,0.006192564,67.91,-0.005654708
8/17/2018,1221664,-0.000953455,66.12,-0.011600886
8/24/2018,1219898,-0.000628257,67.64,0.009870754
8/31/2018,1223778,0.001379122,69.39,0.011093289
9/7/2018,1233913,0.003581898,68.78,-0.003834716
9/14/2018,1234518,0.000212887,68.95,0.001072099
9/21/2018,1238955,0.001558106,70.29,0.008359273
9/28/2018,1246585,0.002666364,72.26,0.012004414
10/5/2018,1257958,0.003944245,75.12,0.016857622
10/12/2018,1260579,0.000903927,72.95,-0.012730283
10/19/2018,1252199,-0.002896715,70.24,-0.016440793
10/26/2018,1245372,-0.002374255,67.47,-0.017473793
11/2/2018,1249700,0.001506673,65.07,-0.015729903
11/9/2018,1248058,-0.000571001,61.57,-0.024011653
11/16/2018,1248229,5.94999E-05,56.96,-0.033799173
11/23/2018,1250120,0.000657435,53.97,-0.023417563
11/30/2018,1241438,-0.003026668,51.17,-0.023137001
12/7/2018,1235469,-0.002093182,52.64,0.012300464
12/14/2018,1224926,-0.003722,51.52,-0.009340026
12/21/2018,1222724,-0.000781416,46.96,-0.040247766
12/28/2018,1237084,0.005070753,44.24,-0.02591297
1/4/2019,1250327,0.00462442,46.48,0.021451001
1/11/2019,1254962,0.001606966,50.97,0.040048514
1/18/2019,1261419,0.002228793,52.16,0.010022949
1/25/2019,1256500,-0.001696875,53.16,0.00824739
2/1/2019,1253228,-0.001132403,53.72,0.004551032
2/8/2019,1259376,0.002125323,53.52,-0.001619899
2/15/2019,1256567,-0.000969763,53.88,0.002911482
2/22/2019,1238530,-0.006279119,56.56,0.021081814
3/1/2019,1238107,-0.000148352,56.19,-0.002850369
3/8/2019,1228139,-0.003510656,56.42,0.00177405
3/15/2019,1215646,-0.004440397,57.81,0.010569888
3/22/2019,1215839,6.89446E-05,59.39,0.011710356
3/29/2019,1222839,0.002493211,59.52,0.000949597
4/5/2019,1227037,0.001488377,62.36,0.020243184
4/12/2019,1229596,0.000904783,64.09,0.011884165
4/19/2019,1238616,0.003174244,63.84,-0.001697393
4/26/2019,1251659,0.004549341,65.28,0.009687267
5/3/2019,1249867,-0.000622225,62.95,-0.015784411
5/10/2019,1264667,0.005112385,61.83,-0.007796488
5/17/2019,1281538,0.005755302,62.09,0.001822413
5/24/2019,1280243,-0.000439078,60.81,-0.009046656
5/31/2019,1303043,0.007666338,57.33,-0.025593062
6/7/2019,1312314,0.003079014,53,-0.034106072
6/14/2019,1311841,-0.000156562,52.49,-0.004199297
6/21/2019,1299928,-0.003961902,54.73,0.018148875
6/28/2019,1302493,0.0008561,58.6,0.029672168
7/5/2019,1298926,-0.001190988,57.51,-0.008154248
7/12/2019,1310905,0.00398681,59.27,0.01309156
7/19/2019,1304457,-0.002141452,56.98,-0.017112482
7/26/2019,1294383,-0.003366967,56.22,-0.005831604
8/2/2019,1304775,0.003472826,56.62,0.003079024
8/9/2019,1307338,0.000852258,53.29,-0.026324145
8/16/2019,1311222,0.001288342,55.32,0.016236451
8/23/2019,1299927,-0.003757263,55.55,0.001801892
8/30/2019,1294933,-0.001671666,55.23,-0.00250902
9/6/2019,1291893,-0.001020753,55.62,0.003055941
9/13/2019,1292668,0.000260453,56.19,0.004428048
9/20/2019,1293239,0.000191795,59.31,0.023468892
9/27/2019,1292311,-0.000311752,56.95,-0.017634196
10/4/2019,1283980,-0.002808782,53.12,-0.030235662
10/11/2019,1282157,-0.000617051,53.24,0.00097998
10/18/2019,1273084,-0.003084148,53.49,0.002034551
10/25/2019,1270532,-0.000871452,55.27,0.014216867
11/1/2019,1274794,0.001454403,55.36,0.000706617
11/8/2019,1268828,-0.002037257,56.9,0.011916185
11/15/2019,1263559,-0.001807228,57.05,0.001143382
11/22/2019,1263549,-3.43709E-06,57.14,0.000684587
11/29/2019,1258490,-0.001742319,57.56,0.003180549
12/6/2019,1275651,0.005882105,57.62,0.000452469
12/13/2019,1274640,-0.000344331,59.25,0.012115101
12/20/2019,1264193,-0.003574162,60.75,0.010857928
12/27/2019,1261072,-0.001073498,61.26,0.00363071
1/3/2020,1275734,0.005020247,61.74,0.003389633
1/10/2020,1290164,0.004884789,60.84,-0.00637742
1/17/2020,1288470,-0.000570608,58.24,-0.018967839
1/24/2020,1289749,0.000430889,56.22,-0.015330525
1/31/2020,1289038,-0.00023948,52.73,-0.02783307
2/7/2020,1288042,-0.000335696,50.35,-0.020058296
2/14/2020,1286969,-0.000361939,50.83,0.004120635
2/21/2020,1285009,-0.000661917,52.91,0.017417652
2/28/2020,1273193,-0.004011927,48.38,-0.038871898
3/6/2020,1265513,-0.002627631,45.58,-0.025891543
3/13/2020,1257983,-0.002591839,32.34,-0.149034305
3/20/2020,1260286,0.00079434,24.73,-0.116515899
3/27/2020,1281285,0.00717663,23.19,-0.027923368
4/3/2020,1314332,0.01105934,22.91,-0.005275659
4/10/2020,1341573,0.008909227,24.39,0.027186711
4/17/2020,1367104,0.008187245,20.11,-0.08379973
4/24/2020,1377513,0.003294152,3.92,-0.710126004
5/1/2020,1395429,0.005612038,15.76,0.604270146
5/8/2020,1394885,-0.00016934,23.45,0.172586634
5/15/2020,1399920,0.001564814,26.44,0.052118604
5/22/2020,1414785,0.004587228,33,0.096252489
5/29/2020,1429929,0.004624027,34.09,0.014113061
6/5/2020,1439638,0.002938828,37.3,0.039081831
6/12/2020,1446723,0.002132084,37.87,0.006586473
6/19/2020,1450655,0.001178753,38.41,0.006149002
6/26/2020,1451779,0.000336371,39.21,0.008952535
7/3/2020,1461620,0.002933967,39.86,0.007140452
7/10/2020,1452344,-0.002764982,40.46,0.006488584
7/17/2020,1461159,0.002627983,40.59,0.001393173
7/24/2020,1454680,-0.00193001,41.41,0.008686179
7/31/2020,1452571,-0.000630098,40.82,-0.00623223
8/7/2020,1446420,-0.001842951,41.61,0.008324715
8/14/2020,1443809,-0.000784674,42.09,0.00498121
8/21/2020,1436037,-0.002344115,42.73,0.006553967
8/28/2020,1428283,-0.002351363,43.07,0.003441979
9/4/2020,1424862,-0.001041463,41.6,-0.015081541
9/11/2020,1429163,0.00130896,37.36,-0.046686463
9/18/2020,1421684,-0.002278688,39.56,0.024849415
9/25/2020,1421111,-0.000175075,39.88,0.003498867
10/2/2020,1419134,-0.000604596,39.18,-0.007690718
10/9/2020,1402338,-0.005170703,40.33,0.01256379
10/16/2020,1395103,-0.00224643,40.5,0.001826801
10/23/2020,1391224,-0.001209212,40.56,0.000642923
10/30/2020,1376547,-0.004606017,37.5,-0.034066679
11/6/2020,1365069,-0.00363644,37.91,0.004722517
11/13/2020,1354914,-0.003242874,40.87,0.032650853
11/20/2020,1353844,-0.000343106,41.7,0.008731417
