Date,Price,Open,High,Low,Vol.,Change %
20-Jul,40.27,39.84,42.4,38.54,6.79M,2.55%
20-Jun,39.27,35.21,41.63,34.27,7.64M,10.65%
20-May,35.49,19.04,35.77,18.05,5.91M,88.38%
20-Apr,18.84,20.1,29.13,-40.32,14.56M,-8.01%
20-Mar,20.48,43.7,48.66,19.27,16.68M,-54.24%
20-Feb,44.76,51.01,54.5,43.85,13.33M,-13.19%
20-Jan,51.56,61.6,65.65,50.97,12.54M,-15.56%
19-Dec,61.06,55.47,62.34,55.35,9.27M,10.68%
19-Nov,55.17,54.15,58.74,54.07,9.47M,1.83%
19-Oct,54.18,54.28,56.92,50.99,11.55M,0.20%
19-Sep,54.07,55,63.38,52.84,13.08M,-1.87%
19-Aug,55.1,57.85,57.99,50.52,14.04M,-5.94%
19-Jul,58.58,59.27,60.94,54.72,11.80M,0.19%
19-Jun,58.47,53.42,59.93,50.6,12.46M,9.29%
19-May,53.5,63.4,63.93,53.05,16.25M,-16.29%
19-Apr,63.91,60.24,66.6,60.13,13.33M,6.27%
19-Mar,60.14,57.22,60.73,54.52,11.96M,5.10%
19-Feb,57.22,54.01,57.81,51.23,10.55M,6.38%
19-Jan,53.79,45.8,55.37,44.35,14.02M,18.45%
18-Dec,45.41,52.45,54.55,42.36,12.16M,-10.84%
18-Nov,50.93,64.88,65.39,49.41,15.12M,-22.02%
18-Oct,65.31,73.29,76.9,64.81,13.04M,-10.84%
18-Sep,73.25,69.89,73.73,66.86,10.09M,4.94%
18-Aug,69.8,68.43,70.5,64.43,10.42M,1.51%
18-Jul,68.76,73.62,75.27,67.03,10.91M,-7.27%
18-Jun,74.15,67.07,74.46,63.59,12.86M,10.61%
18-May,67.04,68.56,72.83,65.8,15.04M,-2.23%
18-Apr,68.57,64.91,69.56,61.81,12.71M,5.59%
18-Mar,64.94,61.55,66.55,59.95,12.38M,5.35%
18-Feb,61.64,64.76,66.3,58.07,11.99M,-4.77%
18-Jan,64.73,60.2,66.66,60.1,12.77M,7.13%
17-Dec,60.42,57.42,60.51,55.82,9.49M,5.26%
17-Nov,57.4,54.65,59.05,53.89,12.53M,5.55%
17-Oct,54.38,51.64,54.85,49.1,11.95M,5.24%
17-Sep,51.67,47.08,52.86,46.56,12.24M,9.40%
17-Aug,47.23,50.21,50.43,45.58,17.17M,-5.86%
17-Jul,50.17,46.28,50.41,43.65,14.57M,8.97%
17-Jun,46.04,48.63,49.17,42.05,15.23M,-4.72%
17-May,48.32,49.17,52,43.76,14.25M,-2.05%
17-Apr,49.33,50.69,53.76,48.2,9.72M,-2.51%
17-Mar,50.6,53.95,54.44,47.01,12.60M,-6.31%
17-Feb,54.01,52.76,54.94,51.22,9.09M,2.27%
17-Jan,52.81,54.2,55.24,50.71,10.11M,-1.69%
16-Dec,53.72,49.07,54.51,48.98,10.64M,8.66%
16-Nov,49.44,46.77,49.9,42.2,13.50M,5.51%
16-Oct,46.86,48.04,51.93,46.63,10.82M,-2.86%
16-Sep,48.24,44.85,48.32,42.55,12.37M,7.92%
16-Aug,44.7,41.35,48.75,39.19,11.59M,7.45%
16-Jul,41.6,48.38,49.35,40.57,9.34M,-13.93%
16-Jun,48.33,48.82,51.67,45.83,10.42M,-1.57%
16-May,49.1,45.9,50.21,43.03,11.20M,6.93%
16-Apr,45.92,38.14,46.78,35.24,11.62M,19.77%
16-Mar,38.34,33.9,41.9,33.37,10.88M,13.60%
16-Feb,33.75,33.83,34.69,26.05,11.47M,0.39%
16-Jan,33.62,37.6,38.39,26.19,10.39M,-9.23%
15-Dec,37.04,41.73,42.23,33.98,8.70M,-11.07%
15-Nov,41.65,46.43,48.36,38.99,7.88M,-10.60%
15-Oct,46.59,45.38,50.92,42.58,8.31M,3.33%
15-Sep,45.09,48.1,48.87,43.21,7.97M,-8.35%
15-Aug,49.2,46.86,49.33,37.75,8.24M,4.41%
15-Jul,47.12,58.98,58.98,46.68,7.17M,-20.77%
15-Jun,59.47,60.29,61.82,56.83,6.54M,-1.38%
15-May,60.3,59.79,62.58,56.51,6.34M,1.12%
15-Apr,59.63,47.55,59.85,47.05,7.63M,25.27%
15-Mar,47.6,49.45,52.48,42.03,7.69M,-4.34%
15-Feb,49.76,47.59,54.24,46.67,8.46M,3.15%
15-Jan,48.24,53.76,55.11,43.58,7.31M,-9.44%
14-Dec,53.27,66,69.54,52.44,6.56M,-19.47%
14-Nov,66.15,80.59,80.98,65.69,5.85M,-17.87%
14-Oct,80.54,91.36,92.96,79.44,7.17M,-11.65%
14-Sep,91.16,95.81,95.91,90.43,5.56M,-5.00%
14-Aug,95.96,97.7,98.67,92.5,4.59M,-2.25%
14-Jul,98.17,105.44,106.09,97.6,5.14M,-6.83%
14-Jun,105.37,102.92,107.73,101.6,4.12M,2.59%
14-May,102.71,99.72,104.5,98.74,4.38M,2.98%
14-Apr,99.74,101.53,104.99,98.86,4.71M,-1.81%
14-Mar,101.58,103,105.22,97.37,4.59M,-0.98%
14-Feb,102.59,97.4,103.8,96.26,3.93M,5.23%
14-Jan,97.49,98.5,98.97,91.24,4.49M,-0.94%
13-Dec,98.42,92.71,100.75,92.56,3.66M,6.15%
13-Nov,92.72,96.32,96.65,91.77,4.51M,-3.80%
13-Oct,96.38,102.31,104.38,95.95,5.14M,-5.81%
13-Sep,102.33,107.07,110.7,101.05,4.58M,-4.94%
13-Aug,107.65,105.26,112.24,102.22,5.30M,2.49%
13-Jul,105.03,96.58,109.32,96.07,5.38M,8.77%
13-Jun,96.56,91.73,99.01,91.26,4.92M,4.99%
13-May,91.97,93.08,97.17,90.11,5.87M,-1.59%
13-Apr,93.46,97.36,97.8,85.61,5.43M,-3.88%
13-Mar,97.23,91.76,97.35,89.33,4.03M,5.63%
13-Feb,92.05,97.42,98.15,91.57,4.12M,-5.58%
13-Jan,97.49,91.78,98.24,91.52,4.38M,6.18%
12-Dec,91.82,88.85,91.99,85.21,3.59M,3.27%
12-Nov,88.91,86.1,89.8,84.05,5.17M,3.10%
12-Oct,86.24,92.15,93.66,84.66,5.24M,-6.45%
12-Sep,92.19,96.38,100.42,88.95,4.34M,-4.44%
12-Aug,96.47,88.03,98.29,86.92,5.08M,9.55%
12-Jul,88.06,84.65,92.94,82.1,5.27M,3.65%
12-Jun,84.96,86.44,87.03,77.28,5.95M,-1.81%
12-May,86.53,104.89,106.43,85.86,5.81M,-17.49%
12-Apr,104.87,103.27,105.49,100.68,4.48M,1.80%
12-Mar,103.02,106.82,110.55,102.13,5.74M,-3.78%
12-Feb,107.07,98.38,109.95,95.44,5.54M,8.72%
12-Jan,98.48,99.7,103.74,97.4,5.41M,-0.35%
11-Dec,98.83,100.51,102.44,92.52,4.70M,-1.52%
11-Nov,100.36,92.58,103.37,89.17,6.24M,7.69%
11-Oct,93.19,78.92,94.65,74.95,6.57M,17.66%
11-Sep,79.2,88.73,90.52,77.11,6.45M,-10.82%
11-Aug,88.81,96.2,98.6,75.71,8.28M,-7.20%
11-Jul,95.7,95.12,100.62,93.45,5.45M,0.29%
11-Jun,95.42,102.68,103.31,89.61,7.33M,-7.09%
11-May,102.7,113.89,114.83,94.63,7.60M,-9.86%
11-Apr,113.93,106.62,114.18,105.31,5.62M,6.76%
11-Mar,106.72,96.97,106.95,96.22,6.87M,10.05%
11-Feb,96.97,92.2,103.41,83.85,6.10M,5.18%
11-Jan,92.19,91.31,92.84,85.11,6.93M,0.89%
10-Dec,91.38,83.66,92.06,83.63,5.43M,8.64%
10-Nov,84.11,81.45,88.63,80.06,6.76M,3.29%
10-Oct,81.43,79.84,84.43,79.25,6.45M,1.83%
10-Sep,79.97,71.7,80.18,71.67,6.82M,11.19%
10-Aug,71.92,78.95,82.97,70.76,6.81M,-8.90%
10-Jul,78.95,75.37,79.69,71.09,6.21M,4.39%
10-Jun,75.63,73.97,79.38,69.51,7.26M,2.24%
10-May,73.97,86.2,87.15,64.24,7.89M,-14.14%
10-Apr,86.15,83.36,87.09,80.53,7.25M,2.85%
10-Mar,83.76,79.84,83.85,78.06,6.52M,5.15%
10-Feb,79.66,72.84,80.51,69.5,6.57M,9.29%
10-Jan,72.89,79.63,83.95,72.43,5.38M,-8.15%
9-Dec,79.36,77.35,80,68.59,5.66M,2.69%
9-Nov,77.28,77.02,81.06,72.39,6.45M,0.36%
9-Oct,77,70.4,82,68.05,6.92M,9.05%
9-Sep,70.61,69.85,73.16,65.05,5.75M,0.93%
9-Aug,69.96,69.3,75,65.23,5.72M,0.73%
9-Jul,69.45,70.45,71.85,58.32,5.91M,-0.63%
9-Jun,69.89,66.48,73.38,64.95,5.60M,5.40%
9-May,66.31,50.95,66.64,50.43,5.04M,29.71%
9-Apr,51.12,48.96,53.9,43.83,4.69M,2.94%
9-Mar,49.66,44.34,54.66,39.44,5.17M,10.95%
9-Feb,44.76,41.75,45.3,33.55,4.86M,7.39%
9-Jan,41.68,43.72,50.47,32.7,5.13M,-6.55%
8-Dec,44.6,54.62,54.62,32.4,4.47M,-18.06%
8-Nov,54.43,67.37,71.77,48.25,4.52M,-19.73%
8-Oct,67.81,101.86,102.84,61.3,5.69M,-32.62%
8-Sep,100.64,116.65,130,90.51,5.66M,-12.84%
8-Aug,115.46,124.06,128.6,111.34,5.46M,-6.95%
8-Jul,124.08,140.18,147.27,120.42,5.83M,-11.37%
8-Jun,140,127.63,143.67,121.61,6.23M,9.93%
8-May,127.35,114.6,135.09,110.3,6.80M,12.24%
8-Apr,113.46,101.57,119.93,99.55,5.63M,11.70%
8-Mar,101.58,101.63,111.8,98.65,5.99M,-0.26%
8-Feb,101.84,91.36,103.05,86.24,5.14M,11.00%
8-Jan,91.75,96.05,100.09,86.11,5.46M,-4.41%
7-Dec,95.98,88.79,97.92,85.82,4.25M,8.20%
7-Nov,88.71,95.15,99.29,88.45,6.16M,-6.16%
7-Oct,94.53,81.75,95.28,78.35,6.02M,15.76%
7-Sep,81.66,73.9,83.9,73.48,4.78M,10.29%
7-Aug,74.04,77.94,78.77,68.63,4.98M,-5.33%
7-Jul,78.21,70.52,78.28,69.57,4.25M,10.65%
7-Jun,70.68,64.23,71.06,63.8,4.42M,10.42%
7-May,64.01,65.66,66.38,60.68,4.71M,-2.59%
7-Apr,65.71,66.03,66.7,61.34,4.11M,-0.24%
7-Mar,65.87,61.82,68.09,56.1,4.75M,6.60%
7-Feb,61.79,57.89,62.25,56.62,4.78M,6.28%
7-Jan,58.14,60.95,60.97,49.9,4.94M,-4.77%
6-Dec,61.05,62.85,64.15,59.9,3.22M,-3.29%
6-Nov,63.13,58.6,63.77,54.86,3.70M,7.49%
6-Oct,58.73,62.8,63.32,56.55,3.33M,-6.64%
6-Sep,62.91,70.29,70.66,59.52,2.40M,-10.46%
6-Aug,70.26,74.4,77.45,68.65,2.05M,-5.56%
6-Jul,74.4,73.95,78.4,71.65,1.82M,0.64%
6-Jun,73.93,71.26,74.15,68.1,2.28M,3.70%
6-May,71.29,71.7,74.99,67.42,2.46M,-0.82%
6-Apr,71.88,66.25,75.35,65.6,2.07M,7.88%
6-Mar,66.63,61.58,67.3,59.25,2.30M,8.50%
6-Feb,61.41,67.8,69,57.55,2.26M,-9.58%
6-Jan,67.92,61.04,69.2,60.81,2.15M,11.27%
5-Dec,61.04,57.4,61.9,56.9,1.84M,6.49%
5-Nov,57.32,59.76,62.15,55.4,1.90M,-4.08%
5-Oct,59.76,66.2,66.62,59.15,1.93M,-9.78%
5-Sep,66.24,68.75,69.66,62.55,2.17M,-3.92%
5-Aug,68.94,60.51,70.85,60.51,2.43M,13.82%
5-Jul,60.57,56.56,62.1,56.1,1.97M,7.20%
5-Jun,56.5,51.95,60.95,51.93,2.18M,8.72%
5-May,51.97,49.28,53.1,46.2,2.06M,4.53%
5-Apr,49.72,55.25,58.28,49.5,2.10M,-10.25%
5-Mar,55.4,51.77,57.6,50.65,2.12M,7.05%
5-Feb,51.75,48.21,52.28,44.6,1.59M,7.37%
5-Jan,48.2,43.1,49.75,41.25,1.84M,10.93%
4-Dec,43.45,49.07,49.12,40.25,1.85M,-11.56%
4-Nov,49.13,51.82,52.5,45.25,1.81M,-5.08%
4-Oct,51.76,49.64,55.67,49.2,2.08M,4.27%
4-Sep,49.64,42.11,50.47,42.11,2.04M,17.85%
4-Aug,42.12,43.69,49.4,41.3,2.23M,-3.84%
4-Jul,43.8,37.05,43.85,36.69,1.75M,18.22%
4-Jun,37.05,40.4,42.45,35.52,1.95M,-7.10%
4-May,39.88,37.39,41.85,37.25,1.89M,6.69%
4-Apr,37.38,35.82,38.3,33.3,1.97M,4.53%
4-Mar,35.76,36.16,38.5,34.75,2.00M,-1.11%
4-Feb,36.16,33.2,36.23,32.2,1.64M,9.41%
4-Jan,33.05,32.4,36.37,32.27,1.83M,1.63%
3-Dec,32.52,30.26,33.93,29.66,1.55M,6.94%
3-Nov,30.41,29.13,33.55,28.47,1.57M,4.47%
3-Oct,29.11,29.15,32.6,28.26,1.73M,-0.31%
3-Sep,29.2,31.28,31.4,26.65,1.65M,-7.51%
3-Aug,31.57,30.58,32.85,30.1,1.66M,3.37%
3-Jul,30.54,30.12,32.1,29.17,1.53M,1.16%
3-Jun,30.19,29.49,32.5,28.53,1.53M,2.13%
3-May,29.56,25.95,29.65,25.42,1.63M,14.57%
3-Apr,25.8,31.16,31.32,25.04,1.48M,-16.88%
3-Mar,31.04,36.45,38.2,26.3,1.58M,-15.19%
3-Feb,36.6,33.33,39.99,32.55,1.71M,9.22%
3-Jan,33.51,31.6,35.2,29.75,1.89M,7.40%
2-Dec,31.2,26.9,33.65,26.57,1.63M,16.03%
2-Nov,26.89,27.2,27.56,24.82,1.56M,-1.21%
2-Oct,27.22,30.45,31.18,26.53,1.87M,-10.61%
2-Sep,30.45,29,31.39,27.62,1.48M,5.07%
2-Aug,28.98,27,30.32,26,1.77M,7.25%
2-Jul,27.02,26.89,28.1,25.73,1.59M,0.60%
2-Jun,26.86,25.26,27.05,23.8,1.52M,6.12%
2-May,25.31,27.25,29.54,24.4,1.88M,-7.26%
2-Apr,27.29,26.46,28.35,23.31,1.80M,3.72%
2-Mar,26.31,21.8,26.38,21.62,1.57M,21.02%
2-Feb,21.74,19.47,21.85,19.09,1.46M,11.60%
2-Jan,19.48,19.9,22,17.85,1.53M,-1.81%
1-Dec,19.84,19.4,21.5,17.8,1.20M,2.06%
1-Nov,19.44,21.26,22.62,16.7,1.54M,-8.22%
1-Oct,21.18,23.5,23.98,20.8,1.36M,-9.60%
1-Sep,23.43,27.17,29.98,20.3,1.20M,-13.86%
1-Aug,27.2,26.35,28.42,26.28,1.48M,3.23%
1-Jul,26.35,26.31,28.29,24.54,1.39M,0.38%
1-Jun,26.25,28.48,29.63,25.1,1.50M,-7.47%
1-May,28.37,28.43,30.2,27.05,1.29M,-0.32%
1-Apr,28.46,26.35,29.04,25.49,1.26M,8.25%
1-Mar,26.29,27.41,29.15,25.7,1.47M,-4.02%
1-Feb,27.39,28.7,31.87,27.36,1.34M,-4.43%
1-Jan,28.66,26.9,32.7,26.65,1.37M,6.94%
Dec-00,26.8,33.76,34.15,25.58,1.22M,-20.76%
Nov-00,33.82,32.69,35.84,32.1,1.29M,3.43%
Oct-00,32.7,30.97,37,30.19,1.42M,6.03%
Sep-00,30.84,33,37.8,30.2,1.59M,-6.88%
Aug-00,33.12,27.36,33.7,27.26,1.44M,20.74%
Jul-00,27.43,31.15,32.35,27.35,1.30M,-15.60%
Jun-00,32.5,29,33.4,28.87,1.48M,12.03%
May-00,29.01,25.55,30.82,25.52,1.30M,12.70%
Apr-00,25.74,26.85,27.5,23.7,1.13M,-4.31%
Mar-00,26.9,30.49,34.37,26.05,1.48M,-11.60%
Feb-00,30.43,27.6,30.83,27.41,1.33M,10.09%
Jan-00,27.64,25.2,29.95,24.02,1.45M,7.97%
Dec-99,25.6,24.63,27.02,24.1,1.13M,4.11%
Nov-99,24.59,22,27.15,21.77,1.48M,13.06%
Oct-99,21.75,24.45,24.85,20.55,1.51M,-11.26%
Sep-99,24.51,22.11,25.12,21.42,1.38M,10.85%
Aug-99,22.11,20.4,22.28,20.1,1.39M,7.70%
Jul-99,20.53,19.35,21.12,19.15,1.42M,6.43%
Jun-99,19.29,16.8,19.37,16.21,1.41M,14.55%
May-99,16.84,18.5,19.05,16.63,1.32M,-9.75%
Apr-99,18.66,16.68,18.83,15.61,1.42M,11.34%
Mar-99,16.76,12.35,17.05,12.18,1.59M,36.59%
Feb-99,12.27,12.79,12.9,11.26,1.06M,-3.76%
Jan-99,12.75,12.15,13.75,11.72,1.11M,5.81%
Dec-98,12.05,11.28,12.62,10.35,1.15M,7.40%
Nov-98,11.22,14.73,14.81,10.82,1.08M,-22.19%
Oct-98,14.42,16.15,16.36,13.07,1.23M,-10.66%
Sep-98,16.14,13.27,16.2,13.14,1.20M,20.99%
Aug-98,13.34,14.23,14.25,12.56,1.03M,-6.12%
Jul-98,14.21,14.3,15,13.25,1.04M,0.21%
Jun-98,14.18,15.2,15.57,11.4,1.26M,-6.71%
May-98,15.2,15.51,16.3,12.5,1.16M,-1.23%
Apr-98,15.39,15.6,16.2,14.95,1.04M,-1.41%
Mar-98,15.61,15.5,17.5,12.8,1.23M,1.10%
Feb-98,15.44,17.16,17.2,15.2,910.04K,-10.28%
Jan-98,17.21,17.68,18.06,15.7,1.11M,-2.44%
Dec-97,17.64,19.07,19.07,17.5,724.20K,-7.89%
Nov-97,19.15,21.3,21.55,18.96,677.35K,-9.16%
Oct-97,21.08,21.16,23.15,20.15,1.16M,-0.47%
Sep-97,21.18,19.6,21.48,19.23,979.74K,8.01%
Aug-97,19.61,20.15,20.94,19.14,977.55K,-2.63%
Jul-97,20.14,19.82,20.5,18.88,1.01M,1.72%
Jun-97,19.8,20.64,21.17,18.35,895.24K,-5.17%
May-97,20.88,20.08,22.4,19.44,926.38K,3.32%
Apr-97,20.21,20.41,20.65,18.96,932.45K,-0.98%
Mar-97,20.41,20.29,22.65,19.86,881.44K,0.54%
Feb-97,20.3,24.09,24.43,20.25,851.58K,-15.94%
Jan-97,24.15,25.88,26.74,23.63,900.07K,-6.83%
Dec-96,25.92,23.9,26.8,23.15,704.20K,9.14%
Nov-96,23.75,23.2,24.95,22.47,758.15K,1.71%
Oct-96,23.35,24.1,26.1,23.1,889.84K,-4.22%
Sep-96,24.38,23.4,25.35,22.85,738.66K,9.57%
Aug-96,22.25,20.4,23.35,20.25,780.55K,8.96%
Jul-96,20.42,20.95,22.55,19.98,693.94K,-2.39%
Jun-96,20.92,19.76,22.2,19.46,711.27K,5.87%
May-96,19.76,20.9,22.9,19.62,928.03K,-6.79%
Apr-96,21.2,21.38,25.7,21.16,884.47K,-1.26%
Mar-96,21.47,19.55,25.6,18.78,864.22K,9.88%
Feb-96,19.54,17.72,23,17.43,745.19K,10.15%
Jan-96,17.74,19.52,20.52,17.08,832.82K,-9.26%
Dec-95,19.55,18.18,19.82,18.18,634.04K,7.54%
Nov-95,18.18,17.65,18.85,17.48,703.07K,3.06%
Oct-95,17.64,17.53,17.75,16.81,774.10K,0.57%
Sep-95,17.54,17.9,19.08,17.11,841.22K,-1.68%
Aug-95,17.84,17.56,18.66,17.31,766.88K,1.59%
Jul-95,17.56,17.11,17.72,16.6,786.29K,0.92%
Jun-95,17.4,18.87,19.32,17.2,828.77K,-7.89%
May-95,18.89,20.49,20.8,18.45,1.00M,-7.31%
Apr-95,20.38,19.12,20.82,18.9,760.45K,6.31%
Mar-95,19.17,18.52,19.35,17.82,950.55K,3.68%
Feb-95,18.49,18.38,18.98,18.13,653.68K,0.54%
Jan-95,18.39,17.65,18.85,17.27,791.63K,3.55%
Dec-94,17.76,18.07,18.12,16.42,693.56K,-1.61%
Nov-94,18.05,18.18,19.19,17.24,832.29K,-0.77%
Oct-94,18.19,18.39,18.7,16.8,808.37K,-1.09%
Sep-94,18.39,17.53,18.42,16.53,744.79K,4.73%
Aug-94,17.56,20.25,20.98,16.75,1.02M,-13.50%
Jul-94,20.3,19.33,20.74,19.05,889.34K,4.80%
Jun-94,19.37,18.32,20.95,17.58,935.54K,5.79%
May-94,18.31,16.81,19,16.75,1.05M,8.34%
Apr-94,16.9,14.75,17.28,14.65,976.35K,14.27%
Mar-94,14.79,14.48,15.5,13.9,871.39K,2.14%
Feb-94,14.48,15.2,16.34,13.88,791.77K,-4.67%
Jan-94,15.19,14.1,15.7,14.11,858.56K,7.20%
Dec-93,14.17,15.48,15.54,13.75,882.63K,-8.17%
Nov-93,15.43,16.9,17.71,15.1,1.12M,-8.81%
Oct-93,16.92,18.72,19.09,16.85,876.12K,-9.95%
Sep-93,18.79,18.05,18.95,16.36,1.11M,2.73%
Aug-93,18.29,17.55,19.05,17.2,972.80K,2.29%
Jul-93,17.88,18.85,18.85,16.75,943.32K,-5.15%
Jun-93,18.85,19.97,20.27,18.2,774.04K,-5.84%
May-93,20.02,20.5,20.66,18.95,638.24K,-2.48%
Apr-93,20.53,20.45,20.75,19.78,608.71K,0.44%
Mar-93,20.44,20.43,21.14,19.45,706.26K,-0.78%
Feb-93,20.6,20.4,20.75,19.19,652.35K,1.68%
Jan-93,20.26,19.43,20.75,18.15,840.99K,3.90%
Dec-92,19.5,19.8,20.08,18.65,678.58K,-1.96%
Nov-92,19.89,20.72,20.87,19.85,567.48K,-3.54%
Oct-92,20.62,21.76,22.46,20.43,790.17K,-5.02%
Sep-92,21.71,21.4,22.4,21.39,632.95K,1.07%
Aug-92,21.48,21.78,21.83,20.85,697.71K,-1.78%
Jul-92,21.87,21.77,22.17,21.12,730.17K,1.25%
Jun-92,21.6,22.14,22.95,21.56,761.27K,-2.31%
May-92,22.11,20.9,22.21,20.05,761.07K,6.04%
Apr-92,20.85,19.67,20.92,19.58,809.70K,7.25%
Mar-92,19.44,18.56,19.49,18.27,649.23K,4.07%
Feb-92,18.68,18.95,20.08,18.05,572.34K,-1.16%
Jan-92,18.9,19.1,19.78,17.72,819.63K,-1.15%
Dec-91,19.12,21.35,21.44,18.3,814.15K,-10.99%
Nov-91,21.48,23.52,24.03,20.99,902.67K,-8.09%
Oct-91,23.37,22.13,24.18,22.05,880.79K,5.13%
Sep-91,22.23,22.13,22.45,21.25,710.82K,-0.13%
Aug-91,22.26,21.62,23.1,21.06,707.27K,2.68%
Jul-91,21.68,20.47,22.25,20.45,763.70K,5.45%
Jun-91,20.56,21.18,21.27,19.6,590.62K,-2.70%
May-91,21.13,20.86,22.11,20.61,788.72K,0.81%
Apr-91,20.96,19.55,21.95,19.18,820.32K,6.78%
Mar-91,19.63,19.05,20.87,18.55,677.57K,2.45%
Feb-91,19.16,21.87,23.05,17.45,635.38K,-11.05%
Jan-91,21.54,28.07,32.75,18,712.18K,-24.26%
Dec-90,28.44,29.27,30.9,25.23,597.82K,-1.42%
Nov-90,28.85,35.3,35.85,28.5,885.34K,-18.11%
Oct-90,35.23,38.45,41.15,27.9,1.34M,-10.83%
Sep-90,39.51,28.27,40.1,28.2,838.57K,44.62%
Aug-90,27.32,20.87,32.35,20.78,1.26M,32.04%
Jul-90,20.69,17,20.92,16.05,844.59K,21.21%
Jun-90,17.07,17.52,17.94,15.06,800.09K,-1.90%
May-90,17.4,18.46,19.75,17.32,779.67K,-6.15%
Apr-90,18.54,20.2,20.55,16.25,611.10K,-8.58%
Mar-90,20.28,21.73,21.77,19.07,568.36K,-5.85%
Feb-90,21.54,22.61,23.06,21.4,609.14K,-5.03%
Jan-90,22.68,21.81,24.2,21.25,803.21K,3.94%
Dec-89,21.82,19.88,22.95,19.82,601.89K,9.70%
Nov-89,19.89,19.92,20.38,19.16,568.22K,-0.25%
Oct-89,19.94,20.19,20.98,19.32,544.59K,-0.94%
Sep-89,20.13,18.78,20.14,18.75,565.56K,6.90%
Aug-89,18.83,18.44,19.17,17.78,528.89K,2.84%
Jul-89,18.31,20.57,21.07,17.87,610.81K,-9.67%
Jun-89,20.27,19.88,21.3,19.02,700.57K,1.86%
May-89,19.9,20.4,21.31,19.22,747.91K,-2.55%
Apr-89,20.42,20.47,25.3,19.58,691.08K,1.14%
Mar-89,20.19,18.28,21.48,18.12,758.82K,11.24%
Feb-89,18.15,16.96,18.93,16.91,497.87K,6.58%
Jan-89,17.03,17.17,19.75,16.95,618.15K,-1.22%
Dec-88,17.24,15.53,18.2,15.26,502.08K,12.53%
Nov-88,15.32,13.39,15.8,12.94,620.22K,12.81%
Oct-88,13.58,13.09,15.5,12.28,486.83K,1.57%
Sep-88,13.37,15.12,15.46,13.25,573.45K,-11.92%
Aug-88,15.18,16.23,16.25,14.95,432.92K,-6.93%
Jul-88,16.31,15.35,16.43,14.42,469.33K,7.59%
Jun-88,15.16,17.63,17.72,15.08,439.77K,-13.42%
May-88,17.51,17.26,17.8,17.08,369.77K,-2.67%
Apr-88,17.99,17.05,18.92,16.64,476.87K,5.33%
Mar-88,17.08,15.78,17.21,15.27,508.05K,6.68%
Feb-88,16.01,16.84,17.68,15.7,443.09K,-5.49%
Jan-88,16.94,16.91,17.95,15.95,526.73K,1.44%
Dec-87,16.7,18.47,19.05,14.9,510.71K,-9.78%
Nov-87,18.51,19.8,19.83,18.05,415.35K,-7.26%
Oct-87,19.96,19.59,20.55,19.35,412.19K,1.89%
Sep-87,19.59,19.6,19.93,18.72,418.85K,-0.71%
Aug-87,19.73,22.58,22.67,18.15,567.37K,-7.67%
Jul-87,21.37,20.24,22.76,20.21,460.07K,5.32%
Jun-87,20.29,19.36,20.95,19.31,421.98K,4.70%
May-87,19.38,18.83,20.01,18.73,328.35K,3.47%
Apr-87,18.73,18.76,19.1,17.73,376.22K,-0.53%
Mar-87,18.83,16.27,19.08,16.17,375.63K,13.43%
Feb-87,16.6,18.69,18.71,16.05,290.75K,-11.47%
Jan-87,18.75,17.92,19.43,17.88,264.87K,4.52%
Dec-86,17.94,15.13,18,14.88,227.53K,19.60%
Nov-86,15,15.17,15.83,14.68,205.98K,-1.77%
Oct-86,15.27,14.81,15.65,13.52,291.59K,3.39%
Sep-86,14.77,16.2,16.56,13.8,188.74K,-7.11%
Aug-86,15.9,11.28,16.5,11.22,255.48K,42.60%
Jul-86,11.15,12.53,13.5,10.65,258.90K,-12.75%
Jun-86,12.78,13.98,14.9,12.5,227.37K,-10.63%
May-86,14.3,13.5,17.2,13.5,273.39K,7.20%
Apr-86,13.34,9.95,14.4,9.75,254.77K,28.02%
Mar-86,10.42,12.85,14.18,10.3,189.35K,-21.42%
Feb-86,13.26,17.93,18.68,12.7,191.78K,-29.58%
Jan-86,18.83,25.85,26.6,18.6,170.59K,-28.40%
Dec-85,26.3,29.3,29.85,24.8,137.48K,-11.60%
Nov-85,29.75,30.37,31.82,29.74,117.51K,-2.07%
Oct-85,30.38,29.1,30.6,28.57,114.98K,4.47%
Sep-85,29.08,28.23,29.19,27.37,98.35K,3.56%
Aug-85,28.08,27.11,28.32,27.01,83.53K,3.54%
Jul-85,27.12,26.8,27.7,26.58,106.97K,0.93%
Jun-85,26.87,27.64,27.64,26.63,101.62K,-3.48%
May-85,27.84,27.38,28.14,26.98,107.71K,0.76%
Apr-85,27.63,28.36,30,27.48,92.71K,-2.33%
Mar-85,28.29,26.87,29.07,26.83,113.89K,5.84%
Feb-85,26.73,26.37,28.06,26.27,135.13K,1.21%
Jan-85,26.41,26.15,26.52,24.66,149.81K,0.00%
Dec-84,26.41,27.21,27.87,26.04,77.57K,-3.30%
Nov-84,27.31,28.39,28.87,27,79.70K,-4.04%
Oct-84,28.46,29.64,29.72,26.3,79.56K,-4.05%
Sep-84,29.66,29.06,29.85,28.84,35.82K,1.47%
Aug-84,29.23,27.76,30,27.73,65.85K,5.91%
Jul-84,27.6,29.82,29.99,27.55,54.91K,-7.23%
Jun-84,29.75,30.86,30.88,29.04,39.40K,-3.50%
May-84,30.83,30.3,31.5,30.1,40.25K,1.88%
Apr-84,30.26,30.81,30.88,30.2,39.41K,-1.91%
Mar-84,30.85,30.81,31.1,30.13,41.60K,0.98%
Feb-84,30.55,30.17,31.1,29.45,39.63K,1.90%
Jan-84,29.98,29.25,30.2,28.95,29.10K,1.28%
Dec-83,29.6,29.25,30.17,28.27,25.64K,1.27%
Nov-83,29.23,30.42,30.55,28.84,20.14K,-3.75%
Oct-83,30.37,30.32,30.85,29.7,15.19K,0.03%
Sep-83,30.36,31.57,31.65,30.2,7.03K,-3.89%
Aug-83,31.59,32.05,32.35,31.5,3.91K,-1.28%
Jul-83,32,31.42,32.02,31,4.69K,1.98%
Jun-83,31.38,30.35,31.65,30.1,4.54K,3.74%
May-83,30.25,30.66,30.72,29.25,4.08K,-1.24%
Apr-83,30.63,29.3,31,29.29,5.96K,4.65%
